filename,label,attack_type,bbox_x0,bbox_y0,bbox_x1,bbox_y1,split
auth_12340213.jpg,0,none,,,,,train
auth_12340053.jpg,0,none,,,,,train
auth_12340237.jpg,0,none,,,,,train
tamp_12340669_copy_move.jpg,1,copy_move,198,324,255,342,train
tamp_12340254_recompress.jpg,1,recompress,190,236,287,269,train
tamp_12340868_retype.jpg,1,retype,197,83,275,102,train
auth_12341249.jpg,0,none,,,,,train
tamp_12340816_splice.jpg,1,splice,196,242,299,263,train
auth_12340098.jpg,0,none,,,,,train
tamp_12341132_copy_move.jpg,1,copy_move,198,84,278,101,train
tamp_12341876_recompress.jpg,1,recompress,190,196,227,229,train
tamp_12340171_splice.jpg,1,splice,196,202,221,223,train
auth_12340096.jpg,0,none,,,,,train
auth_12341989.jpg,0,none,,,,,train
tamp_12341582_retype.jpg,1,retype,197,243,280,262,train
tamp_12340333_retype.jpg,1,retype,197,203,214,222,train
tamp_12340153_splice.jpg,1,splice,196,202,221,223,train
auth_12340302.jpg,0,none,,,,,train
auth_12341651.jpg,0,none,,,,,train
tamp_12340238_retype.jpg,1,retype,197,203,220,222,train
tamp_12341439_retype.jpg,1,retype,197,163,310,183,train
auth_12341718.jpg,0,none,,,,,train
auth_12341598.jpg,0,none,,,,,train
auth_12341273.jpg,0,none,,,,,train
tamp_12340104_retype.jpg,1,retype,197,163,310,183,train
tamp_12341551_copy_move.jpg,1,copy_move,198,324,255,342,train
auth_12341648.jpg,0,none,,,,,train
auth_12340177.jpg,0,none,,,,,train
tamp_12341457_copy_move.jpg,1,copy_move,197,124,251,144,train
tamp_12340291_splice.jpg,1,splice,196,202,221,223,train
tamp_12341662_retype.jpg,1,retype,197,83,260,102,train
auth_12340060.jpg,0,none,,,,,train
auth_12340258.jpg,0,none,,,,,train
tamp_12341349_splice.jpg,1,splice,196,242,272,263,train
tamp_12341263_recompress.jpg,1,recompress,190,156,317,190,train
tamp_12340739_copy_move.jpg,1,copy_move,198,324,255,342,train
tamp_12340078_splice.jpg,1,splice,196,322,257,344,train
auth_12340797.jpg,0,none,,,,,train
auth_12341578.jpg,0,none,,,,,train
tamp_12341293_copy_move.jpg,1,copy_move,198,204,219,221,train
tamp_12341353_splice.jpg,1,splice,196,122,263,143,train
auth_12340947.jpg,0,none,,,,,train
tamp_12340672_copy_move.jpg,1,copy_move,198,164,309,182,train
auth_12341676.jpg,0,none,,,,,train
auth_12341825.jpg,0,none,,,,,train
tamp_12340412_copy_move.jpg,1,copy_move,198,244,279,261,train
tamp_12341166_copy_move.jpg,1,copy_move,198,164,309,182,train
tamp_12341165_splice.jpg,1,splice,196,122,263,143,train
auth_12341409.jpg,0,none,,,,,train
tamp_12341234_splice.jpg,1,splice,196,162,311,184,train
tamp_12340004_splice.jpg,1,splice,196,82,259,103,train
tamp_12340808_copy_move.jpg,1,copy_move,198,204,213,221,train
tamp_12340409_copy_move.jpg,1,copy_move,198,124,272,141,train
tamp_12340214_splice.jpg,1,splice,196,122,263,143,train
auth_12340525.jpg,0,none,,,,,train
auth_12340115.jpg,0,none,,,,,train
auth_12341243.jpg,0,none,,,,,train
auth_12341455.jpg,0,none,,,,,train
auth_12340089.jpg,0,none,,,,,train
auth_12341541.jpg,0,none,,,,,train
auth_12341900.jpg,0,none,,,,,train
tamp_12340682_splice.jpg,1,splice,196,122,263,143,train
auth_12340711.jpg,0,none,,,,,train
auth_12341997.jpg,0,none,,,,,train
auth_12340073.jpg,0,none,,,,,train
tamp_12340036_copy_move.jpg,1,copy_move,198,164,309,182,train
tamp_12340783_recompress.jpg,1,recompress,190,236,278,269,train
tamp_12340061_copy_move.jpg,1,copy_move,198,204,219,221,train
auth_12340493.jpg,0,none,,,,,train
tamp_12341920_recompress.jpg,1,recompress,190,196,227,229,train
tamp_12341986_retype.jpg,1,retype,197,123,278,142,train
tamp_12341184_retype.jpg,1,retype,197,203,220,222,train
auth_12341691.jpg,0,none,,,,,train
auth_12341070.jpg,0,none,,,,,train
auth_12341876.jpg,0,none,,,,,train
tamp_12341497_copy_move.jpg,1,copy_move,198,244,304,261,train
tamp_12340903_recompress.jpg,1,recompress,190,116,262,149,train
auth_12340519.jpg,0,none,,,,,train
auth_12340386.jpg,0,none,,,,,train
tamp_12340620_splice.jpg,1,splice,196,82,259,103,train
auth_12340003.jpg,0,none,,,,,train
tamp_12340079_retype.jpg,1,retype,197,123,260,142,train
tamp_12340361_copy_move.jpg,1,copy_move,198,284,358,301,train
auth_12340998.jpg,0,none,,,,,train
tamp_12341977_recompress.jpg,1,recompress,190,276,366,309,train
auth_12340573.jpg,0,none,,,,,train
tamp_12341742_recompress.jpg,1,recompress,190,316,263,350,train
auth_12340687.jpg,0,none,,,,,train
tamp_12340163_retype.jpg,1,retype,197,123,260,142,train
auth_12341889.jpg,0,none,,,,,train
tamp_12340322_copy_move.jpg,1,copy_move,198,84,259,101,train
tamp_12341237_copy_move.jpg,1,copy_move,198,284,358,301,train
auth_12341893.jpg,0,none,,,,,train
auth_12340705.jpg,0,none,,,,,train
tamp_12341086_copy_move.jpg,1,copy_move,198,84,276,101,train
tamp_12340599_splice.jpg,1,splice,196,82,281,103,train
tamp_12341840_splice.jpg,1,splice,196,242,326,263,train
auth_12341776.jpg,0,none,,,,,train
auth_12340084.jpg,0,none,,,,,train
tamp_12341321_splice.jpg,1,splice,196,282,360,303,train
tamp_12341800_retype.jpg,1,retype,197,163,310,183,train
auth_12341903.jpg,0,none,,,,,train
tamp_12340240_copy_move.jpg,1,copy_move,198,284,358,301,train
auth_12340824.jpg,0,none,,,,,train
tamp_12341454_recompress.jpg,1,recompress,190,276,366,309,train
tamp_12340559_recompress.jpg,1,recompress,190,276,366,309,train
auth_12341369.jpg,0,none,,,,,train
auth_12341287.jpg,0,none,,,,,train
tamp_12340176_splice.jpg,1,splice,196,282,360,303,train
auth_12340323.jpg,0,none,,,,,train
auth_12341147.jpg,0,none,,,,,train
auth_12340202.jpg,0,none,,,,,train
auth_12340526.jpg,0,none,,,,,train
auth_12340393.jpg,0,none,,,,,train
auth_12340894.jpg,0,none,,,,,train
auth_12341545.jpg,0,none,,,,,train
tamp_12341507_recompress.jpg,1,recompress,190,196,221,229,train
auth_12341952.jpg,0,none,,,,,train
tamp_12340817_splice.jpg,1,splice,196,122,264,143,train
auth_12340652.jpg,0,none,,,,,train
tamp_12341994_recompress.jpg,1,recompress,190,156,317,190,train
tamp_12341903_recompress.jpg,1,recompress,189,236,303,272,train
tamp_12340650_copy_move.jpg,1,copy_move,198,324,255,342,train
tamp_12340813_recompress.jpg,1,recompress,190,276,366,309,train
tamp_12340360_copy_move.jpg,1,copy_move,198,324,255,342,train
auth_12341452.jpg,0,none,,,,,train
auth_12340269.jpg,0,none,,,,,train
tamp_12341300_recompress.jpg,1,recompress,190,116,258,149,train
auth_12340845.jpg,0,none,,,,,train
auth_12341432.jpg,0,none,,,,,train
tamp_12341200_copy_move.jpg,1,copy_move,198,84,263,101,train
tamp_12340209_retype.jpg,1,retype,197,283,359,302,train
tamp_12341590_retype.jpg,1,retype,197,163,310,183,train
auth_12341364.jpg,0,none,,,,,train
tamp_12341798_splice.jpg,1,splice,196,162,311,184,train
auth_12341803.jpg,0,none,,,,,train
auth_12341205.jpg,0,none,,,,,train
auth_12341286.jpg,0,none,,,,,train
auth_12340528.jpg,0,none,,,,,train
auth_12341895.jpg,0,none,,,,,train
tamp_12340096_retype.jpg,1,retype,197,283,359,302,train
tamp_12341679_retype.jpg,1,retype,197,83,277,102,train
tamp_12341267_recompress.jpg,1,recompress,190,76,262,109,train
tamp_12340093_recompress.jpg,1,recompress,190,236,332,269,train
auth_12340677.jpg,0,none,,,,,train
auth_12341319.jpg,0,none,,,,,train
tamp_12340014_recompress.jpg,1,recompress,190,76,284,109,train
auth_12341926.jpg,0,none,,,,,train
tamp_12340224_splice.jpg,1,splice,196,322,257,344,train
auth_12341743.jpg,0,none,,,,,train
tamp_12341891_retype.jpg,1,retype,197,163,310,183,train
tamp_12340917_retype.jpg,1,retype,197,243,271,262,train
auth_12340391.jpg,0,none,,,,,train
auth_12341805.jpg,0,none,,,,,train
auth_12341002.jpg,0,none,,,,,train
auth_12340367.jpg,0,none,,,,,train
auth_12341706.jpg,0,none,,,,,train
tamp_12341008_copy_move.jpg,1,copy_move,198,244,303,261,train
auth_12341946.jpg,0,none,,,,,train
tamp_12341781_splice.jpg,1,splice,196,122,263,143,train
tamp_12341383_retype.jpg,1,retype,197,243,271,262,train
auth_12340344.jpg,0,none,,,,,train
tamp_12341750_recompress.jpg,1,recompress,190,276,366,309,train
tamp_12341342_retype.jpg,1,retype,197,243,280,262,train
tamp_12340869_splice.jpg,1,splice,196,242,281,263,train
tamp_12341319_retype.jpg,1,retype,197,83,280,102,train
tamp_12340261_recompress.jpg,1,recompress,190,316,263,350,train
auth_12340658.jpg,0,none,,,,,train
tamp_12341314_retype.jpg,1,retype,197,163,310,183,train
tamp_12340354_recompress.jpg,1,recompress,190,276,366,309,train
auth_12341593.jpg,0,none,,,,,train
auth_12340453.jpg,0,none,,,,,train
tamp_12341315_recompress.jpg,1,recompress,190,276,366,309,train
tamp_12340547_recompress.jpg,1,recompress,190,156,317,190,train
auth_12340783.jpg,0,none,,,,,train
tamp_12341646_copy_move.jpg,1,copy_move,198,284,358,301,train
auth_12340846.jpg,0,none,,,,,train
auth_12340990.jpg,0,none,,,,,train
tamp_12340339_recompress.jpg,1,recompress,190,76,271,109,train
tamp_12341633_retype.jpg,1,retype,197,243,291,262,train
auth_12340511.jpg,0,none,,,,,train
tamp_12340770_retype.jpg,1,retype,197,203,214,222,train
tamp_12341862_retype.jpg,1,retype,197,163,310,183,train
tamp_12341500_recompress.jpg,1,recompress,190,76,244,109,train
tamp_12340839_retype.jpg,1,retype,197,323,256,343,train
auth_12341767.jpg,0,none,,,,,train
auth_12340093.jpg,0,none,,,,,train
tamp_12341546_copy_move.jpg,1,copy_move,198,284,358,301,train
auth_12340680.jpg,0,none,,,,,train
tamp_12340560_splice.jpg,1,splice,196,202,215,223,train
tamp_12340128_retype.jpg,1,retype,197,83,280,102,train
auth_12340161.jpg,0,none,,,,,train
auth_12341175.jpg,0,none,,,,,train
auth_12341774.jpg,0,none,,,,,train
auth_12340770.jpg,0,none,,,,,train
tamp_12341273_copy_move.jpg,1,copy_move,198,324,255,342,train
tamp_12340131_recompress.jpg,1,recompress,190,276,366,309,train
tamp_12340772_copy_move.jpg,1,copy_move,198,324,255,342,train
tamp_12340395_recompress.jpg,1,recompress,190,156,317,190,train
auth_12341018.jpg,0,none,,,,,train
auth_12341501.jpg,0,none,,,,,train
auth_12340907.jpg,0,none,,,,,train
tamp_12340972_retype.jpg,1,retype,197,323,256,343,train
tamp_12340148_splice.jpg,1,splice,196,122,264,143,train
tamp_12340914_splice.jpg,1,splice,196,202,221,223,train
tamp_12341877_retype.jpg,1,retype,197,123,260,142,train
tamp_12341324_copy_move.jpg,1,copy_move,198,124,272,141,train
auth_12341221.jpg,0,none,,,,,train
auth_12341622.jpg,0,none,,,,,train
tamp_12340256_copy_move.jpg,1,copy_move,198,204,219,221,train
auth_12340429.jpg,0,none,,,,,train
auth_12341240.jpg,0,none,,,,,train
auth_12340595.jpg,0,none,,,,,train
tamp_12340517_splice.jpg,1,splice,196,282,360,303,train
auth_12340275.jpg,0,none,,,,,train
auth_12340095.jpg,0,none,,,,,train
auth_12341505.jpg,0,none,,,,,train
tamp_12341544_retype.jpg,1,retype,197,163,310,183,train
tamp_12341673_copy_move.jpg,1,copy_move,198,244,324,261,train
auth_12340740.jpg,0,none,,,,,train
auth_12340532.jpg,0,none,,,,,train
tamp_12340378_retype.jpg,1,retype,197,243,280,262,train
tamp_12340753_splice.jpg,1,splice,196,82,280,103,train
auth_12341675.jpg,0,none,,,,,train
auth_12340920.jpg,0,none,,,,,train
tamp_12340698_retype.jpg,1,retype,197,283,359,302,train
tamp_12340435_copy_move.jpg,1,copy_move,198,244,279,261,train
tamp_12340013_copy_move.jpg,1,copy_move,198,84,236,101,train
tamp_12340646_copy_move.jpg,1,copy_move,198,84,279,101,train
tamp_12340365_recompress.jpg,1,recompress,190,156,317,190,train
auth_12340211.jpg,0,none,,,,,train
tamp_12341936_retype.jpg,1,retype,197,123,260,142,train
tamp_12341411_retype.jpg,1,retype,197,83,279,102,train
auth_12340624.jpg,0,none,,,,,train
auth_12340166.jpg,0,none,,,,,train
auth_12340128.jpg,0,none,,,,,train
tamp_12341930_retype.jpg,1,retype,197,123,265,142,train
tamp_12340898_retype.jpg,1,retype,197,83,237,102,train
tamp_12341233_retype.jpg,1,retype,197,283,359,302,train
tamp_12340353_splice.jpg,1,splice,196,162,311,184,train
auth_12341043.jpg,0,none,,,,,train
auth_12341214.jpg,0,none,,,,,train
tamp_12341393_retype.jpg,1,retype,197,283,359,302,train
tamp_12340108_copy_move.jpg,1,copy_move,198,244,285,261,train
auth_12341529.jpg,0,none,,,,,train
tamp_12341810_splice.jpg,1,splice,196,162,311,184,train
auth_12341228.jpg,0,none,,,,,train
auth_12341564.jpg,0,none,,,,,train
tamp_12341376_splice.jpg,1,splice,196,242,299,263,train
tamp_12340091_copy_move.jpg,1,copy_move,198,164,309,182,train
auth_12341844.jpg,0,none,,,,,train
tamp_12340643_copy_move.jpg,1,copy_move,198,324,255,342,train
tamp_12340485_splice.jpg,1,splice,196,322,257,344,train
auth_12341227.jpg,0,none,,,,,train
tamp_12340441_retype.jpg,1,retype,197,243,298,262,train
auth_12341730.jpg,0,none,,,,,train
auth_12340941.jpg,0,none,,,,,train
auth_12340891.jpg,0,none,,,,,train
auth_12340762.jpg,0,none,,,,,train
auth_12340403.jpg,0,none,,,,,train
tamp_12341239_recompress.jpg,1,recompress,190,156,317,190,train
tamp_12340824_retype.jpg,1,retype,197,203,214,222,train
tamp_12340046_recompress.jpg,1,recompress,190,316,263,350,train
auth_12341416.jpg,0,none,,,,,train
auth_12340529.jpg,0,none,,,,,train
tamp_12341283_recompress.jpg,1,recompress,190,116,257,149,train
auth_12341537.jpg,0,none,,,,,train
auth_12341817.jpg,0,none,,,,,train
tamp_12340196_copy_move.jpg,1,copy_move,198,284,358,301,train
auth_12341372.jpg,0,none,,,,,train
tamp_12341912_copy_move.jpg,1,copy_move,198,204,213,221,train
auth_12341811.jpg,0,none,,,,,train
tamp_12341313_splice.jpg,1,splice,196,282,360,303,train
auth_12340382.jpg,0,none,,,,,train
auth_12341588.jpg,0,none,,,,,train
tamp_12340317_recompress.jpg,1,recompress,190,156,317,190,train
tamp_12341942_recompress.jpg,1,recompress,190,156,317,190,train
auth_12341038.jpg,0,none,,,,,train
auth_12340205.jpg,0,none,,,,,train
auth_12341894.jpg,0,none,,,,,train
auth_12341624.jpg,0,none,,,,,train
auth_12340043.jpg,0,none,,,,,train
auth_12340072.jpg,0,none,,,,,train
auth_12341868.jpg,0,none,,,,,train
tamp_12341246_copy_move.jpg,1,copy_move,198,204,219,221,train
tamp_12340007_copy_move.jpg,1,copy_move,198,284,358,301,train
tamp_12341011_recompress.jpg,1,recompress,190,276,366,309,train
auth_12340180.jpg,0,none,,,,,train
tamp_12341857_copy_move.jpg,1,copy_move,198,84,272,101,train
auth_12340678.jpg,0,none,,,,,train
auth_12341065.jpg,0,none,,,,,train
tamp_12341458_recompress.jpg,1,recompress,190,236,278,269,train
auth_12340019.jpg,0,none,,,,,train
tamp_12340579_recompress.jpg,1,recompress,190,76,271,109,train
tamp_12341215_retype.jpg,1,retype,197,163,310,183,train
auth_12341792.jpg,0,none,,,,,train
tamp_12340573_recompress.jpg,1,recompress,190,156,317,190,train
auth_12341491.jpg,0,none,,,,,train
tamp_12341363_recompress.jpg,1,recompress,190,76,262,109,train
auth_12341202.jpg,0,none,,,,,train
auth_12340016.jpg,0,none,,,,,train
tamp_12340601_recompress.jpg,1,recompress,190,236,287,269,train
auth_12341332.jpg,0,none,,,,,train
tamp_12340765_copy_move.jpg,1,copy_move,198,164,309,182,train
tamp_12340342_splice.jpg,1,splice,196,82,265,103,train
auth_12341248.jpg,0,none,,,,,train
auth_12340605.jpg,0,none,,,,,train
tamp_12340028_splice.jpg,1,splice,196,162,311,184,train
tamp_12341966_copy_move.jpg,1,copy_move,198,284,358,301,train
auth_12341626.jpg,0,none,,,,,train
tamp_12341053_copy_move.jpg,1,copy_move,198,284,358,301,train
tamp_12340115_copy_move.jpg,1,copy_move,198,284,358,301,train
auth_12340983.jpg,0,none,,,,,train
auth_12341771.jpg,0,none,,,,,train
auth_12341790.jpg,0,none,,,,,train
auth_12340029.jpg,0,none,,,,,train
tamp_12341071_recompress.jpg,1,recompress,190,236,305,269,train
tamp_12340992_copy_move.jpg,1,copy_move,198,124,238,141,train
tamp_12341147_retype.jpg,1,retype,197,83,277,102,train
tamp_12340957_recompress.jpg,1,recompress,190,76,280,109,train
auth_12340327.jpg,0,none,,,,,train
tamp_12341348_recompress.jpg,1,recompress,190,276,366,309,train
tamp_12341842_copy_move.jpg,1,copy_move,198,84,254,101,train
tamp_12340473_retype.jpg,1,retype,197,283,359,302,train
auth_12341164.jpg,0,none,,,,,train
tamp_12340581_retype.jpg,1,retype,197,123,278,142,train
tamp_12341214_retype.jpg,1,retype,197,83,281,102,train
auth_12341233.jpg,0,none,,,,,train
tamp_12340430_splice.jpg,1,splice,196,202,215,223,train
tamp_12341783_splice.jpg,1,splice,196,162,311,184,train
auth_12340497.jpg,0,none,,,,,train
tamp_12340916_retype.jpg,1,retype,197,323,256,343,train
auth_12341084.jpg,0,none,,,,,train
tamp_12341274_splice.jpg,1,splice,196,202,221,223,train
auth_12341515.jpg,0,none,,,,,train
auth_12341033.jpg,0,none,,,,,train
auth_12341283.jpg,0,none,,,,,train
tamp_12341337_copy_move.jpg,1,copy_move,198,324,255,342,train
auth_12340503.jpg,0,none,,,,,train
tamp_12341606_recompress.jpg,1,recompress,190,156,317,190,train
tamp_12341369_recompress.jpg,1,recompress,190,196,221,229,train
tamp_12341678_splice.jpg,1,splice,196,322,257,344,train
tamp_12340938_retype.jpg,1,retype,197,83,279,102,train
tamp_12340268_retype.jpg,1,retype,197,283,359,302,train
tamp_12341718_recompress.jpg,1,recompress,190,116,257,149,train
tamp_12341410_copy_move.jpg,1,copy_move,198,244,279,261,train
auth_12340709.jpg,0,none,,,,,train
tamp_12340905_splice.jpg,1,splice,196,202,215,223,train
auth_12340125.jpg,0,none,,,,,train
auth_12341940.jpg,0,none,,,,,train
tamp_12341542_splice.jpg,1,splice,196,242,305,263,train
auth_12341050.jpg,0,none,,,,,train
tamp_12340762_retype.jpg,1,retype,197,243,304,262,train
auth_12341563.jpg,0,none,,,,,train
tamp_12340446_copy_move.jpg,1,copy_move,198,204,219,221,train
auth_12340331.jpg,0,none,,,,,train
tamp_12341204_recompress.jpg,1,recompress,190,316,263,350,train
auth_12341062.jpg,0,none,,,,,train
tamp_12341264_recompress.jpg,1,recompress,190,116,262,149,train
tamp_12340493_retype.jpg,1,retype,197,163,310,183,train
tamp_12341338_recompress.jpg,1,recompress,190,196,221,229,train
auth_12340352.jpg,0,none,,,,,train
tamp_12340288_retype.jpg,1,retype,197,283,359,302,train
auth_12340938.jpg,0,none,,,,,train
tamp_12340907_recompress.jpg,1,recompress,190,116,262,149,train
auth_12341258.jpg,0,none,,,,,train
tamp_12341559_recompress.jpg,1,recompress,190,196,227,229,train
tamp_12340640_copy_move.jpg,1,copy_move,197,244,295,264,train
tamp_12340853_recompress.jpg,1,recompress,190,76,284,109,train
auth_12341442.jpg,0,none,,,,,train
tamp_12341219_copy_move.jpg,1,copy_move,198,284,358,301,train
tamp_12340492_recompress.jpg,1,recompress,190,236,311,269,train
tamp_12340975_splice.jpg,1,splice,196,322,257,344,train
tamp_12340569_retype.jpg,1,retype,197,323,256,343,train
auth_12340433.jpg,0,none,,,,,train
tamp_12340909_copy_move.jpg,1,copy_move,198,164,309,182,train
auth_12340370.jpg,0,none,,,,,train
tamp_12340242_copy_move.jpg,1,copy_move,198,284,358,301,train
auth_12341555.jpg,0,none,,,,,train
tamp_12341959_splice.jpg,1,splice,196,242,281,263,train
auth_12340108.jpg,0,none,,,,,train
auth_12341728.jpg,0,none,,,,,train
tamp_12341509_copy_move.jpg,1,copy_move,198,204,213,221,train
tamp_12340218_recompress.jpg,1,recompress,190,156,317,190,train
auth_12341088.jpg,0,none,,,,,train
auth_12341156.jpg,0,none,,,,,train
tamp_12340677_copy_move.jpg,1,copy_move,198,244,297,261,train
tamp_12340743_copy_move.jpg,1,copy_move,198,164,309,182,train
tamp_12341687_retype.jpg,1,retype,197,283,359,302,train
auth_12341291.jpg,0,none,,,,,train
auth_12341759.jpg,0,none,,,,,train
tamp_12341599_retype.jpg,1,retype,197,123,278,142,train
tamp_12341511_recompress.jpg,1,recompress,190,316,263,350,train
tamp_12340600_splice.jpg,1,splice,196,122,263,143,train
tamp_12340670_retype.jpg,1,retype,197,163,310,183,train
auth_12340753.jpg,0,none,,,,,train
auth_12340349.jpg,0,none,,,,,train
tamp_12340110_retype.jpg,1,retype,197,283,359,302,train
auth_12340102.jpg,0,none,,,,,train
tamp_12341279_recompress.jpg,1,recompress,190,116,258,149,train
tamp_12340811_recompress.jpg,1,recompress,190,316,263,350,train
tamp_12340326_retype.jpg,1,retype,197,243,305,262,train
auth_12341165.jpg,0,none,,,,,train
tamp_12341076_copy_move.jpg,1,copy_move,198,84,278,101,train
auth_12341076.jpg,0,none,,,,,train
auth_12340232.jpg,0,none,,,,,train
tamp_12340693_splice.jpg,1,splice,196,282,360,303,train
auth_12341993.jpg,0,none,,,,,train
auth_12341004.jpg,0,none,,,,,train
auth_12340774.jpg,0,none,,,,,train
tamp_12340756_retype.jpg,1,retype,197,83,258,102,train
auth_12340376.jpg,0,none,,,,,train
tamp_12341328_splice.jpg,1,splice,196,82,265,103,train
auth_12341042.jpg,0,none,,,,,train
tamp_12341000_splice.jpg,1,splice,196,282,360,303,train
auth_12340139.jpg,0,none,,,,,train
tamp_12341320_splice.jpg,1,splice,196,282,360,303,train
tamp_12340949_copy_move.jpg,1,copy_move,198,244,279,261,train
tamp_12340706_copy_move.jpg,1,copy_move,198,244,290,261,train
auth_12340015.jpg,0,none,,,,,train
auth_12340124.jpg,0,none,,,,,train
tamp_12341951_splice.jpg,1,splice,196,162,311,184,train
tamp_12341701_recompress.jpg,1,recompress,189,236,303,272,train
tamp_12341061_copy_move.jpg,1,copy_move,198,284,358,301,train
tamp_12340418_copy_move.jpg,1,copy_move,197,124,251,144,train
tamp_12341112_copy_move.jpg,1,copy_move,198,84,236,101,train
auth_12341217.jpg,0,none,,,,,train
tamp_12341846_retype.jpg,1,retype,197,283,359,302,train
auth_12341082.jpg,0,none,,,,,train
tamp_12340897_retype.jpg,1,retype,197,203,220,222,train
auth_12340361.jpg,0,none,,,,,train
auth_12340353.jpg,0,none,,,,,train
auth_12340693.jpg,0,none,,,,,train
tamp_12341056_recompress.jpg,1,recompress,190,316,263,350,train
tamp_12340939_copy_move.jpg,1,copy_move,198,244,270,261,train
auth_12340789.jpg,0,none,,,,,train
auth_12340807.jpg,0,none,,,,,train
tamp_12341419_retype.jpg,1,retype,197,203,214,222,train
auth_12340856.jpg,0,none,,,,,train
tamp_12340062_recompress.jpg,1,recompress,190,116,258,149,train
auth_12341222.jpg,0,none,,,,,train
tamp_12341934_retype.jpg,1,retype,197,123,260,142,train
auth_12341279.jpg,0,none,,,,,train
tamp_12340763_retype.jpg,1,retype,197,83,277,102,train
auth_12341892.jpg,0,none,,,,,train
tamp_12341060_recompress.jpg,1,recompress,190,76,271,109,train
tamp_12341780_retype.jpg,1,retype,197,323,256,343,train
auth_12340312.jpg,0,none,,,,,train
auth_12340952.jpg,0,none,,,,,train
tamp_12341019_splice.jpg,1,splice,196,202,221,223,train
tamp_12340057_splice.jpg,1,splice,196,162,311,184,train
auth_12341494.jpg,0,none,,,,,train
auth_12341049.jpg,0,none,,,,,train
auth_12341346.jpg,0,none,,,,,train
tamp_12341586_copy_move.jpg,1,copy_move,198,164,309,182,train
tamp_12340225_recompress.jpg,1,recompress,190,156,317,190,train
tamp_12340831_retype.jpg,1,retype,197,163,310,183,train
tamp_12340637_recompress.jpg,1,recompress,190,196,221,229,train
auth_12340087.jpg,0,none,,,,,train
tamp_12341187_copy_move.jpg,1,copy_move,198,164,309,182,train
auth_12341365.jpg,0,none,,,,,train
tamp_12340182_copy_move.jpg,1,copy_move,198,244,303,261,train
auth_12341523.jpg,0,none,,,,,train
tamp_12340440_splice.jpg,1,splice,196,322,257,344,train
auth_12341741.jpg,0,none,,,,,train
auth_12341526.jpg,0,none,,,,,train
auth_12341974.jpg,0,none,,,,,train
tamp_12341014_recompress.jpg,1,recompress,190,276,366,309,train
auth_12341410.jpg,0,none,,,,,train
tamp_12340043_recompress.jpg,1,recompress,189,236,303,272,train
auth_12341654.jpg,0,none,,,,,train
auth_12340423.jpg,0,none,,,,,train
tamp_12340100_retype.jpg,1,retype,197,163,310,183,train
tamp_12340490_splice.jpg,1,splice,196,282,360,303,train
auth_12341246.jpg,0,none,,,,,train
tamp_12341197_retype.jpg,1,retype,197,163,310,183,train
tamp_12340175_retype.jpg,1,retype,197,123,260,142,train
auth_12340889.jpg,0,none,,,,,train
tamp_12340847_retype.jpg,1,retype,197,203,214,222,train
auth_12341896.jpg,0,none,,,,,train
tamp_12341394_recompress.jpg,1,recompress,190,116,258,149,train
tamp_12341766_splice.jpg,1,splice,196,202,215,223,train
auth_12341615.jpg,0,none,,,,,train
tamp_12340720_copy_move.jpg,1,copy_move,198,84,236,101,train
tamp_12341028_recompress.jpg,1,recompress,190,236,298,269,train
tamp_12340812_splice.jpg,1,splice,196,202,221,223,train
auth_12341307.jpg,0,none,,,,,train
tamp_12341585_splice.jpg,1,splice,196,282,360,303,train
tamp_12341021_recompress.jpg,1,recompress,190,76,293,109,train
auth_12341948.jpg,0,none,,,,,train
tamp_12340344_retype.jpg,1,retype,197,203,220,222,train
auth_12341438.jpg,0,none,,,,,train
auth_12341981.jpg,0,none,,,,,train
auth_12340130.jpg,0,none,,,,,train
auth_12341804.jpg,0,none,,,,,train
auth_12340786.jpg,0,none,,,,,train
tamp_12341402_splice.jpg,1,splice,196,122,267,143,train
auth_12340871.jpg,0,none,,,,,train
auth_12340533.jpg,0,none,,,,,train
auth_12340593.jpg,0,none,,,,,train
auth_12341606.jpg,0,none,,,,,train
tamp_12341385_retype.jpg,1,retype,197,283,359,302,train
auth_12341105.jpg,0,none,,,,,train
auth_12340962.jpg,0,none,,,,,train
tamp_12341754_recompress.jpg,1,recompress,190,236,278,269,train
auth_12340274.jpg,0,none,,,,,train
tamp_12340055_recompress.jpg,1,recompress,190,316,263,350,train
tamp_12341627_splice.jpg,1,splice,196,162,311,184,train
auth_12341477.jpg,0,none,,,,,train
auth_12341733.jpg,0,none,,,,,train
tamp_12340822_copy_move.jpg,1,copy_move,198,124,258,141,train
tamp_12341732_retype.jpg,1,retype,197,203,214,222,train
auth_12340385.jpg,0,none,,,,,train
auth_12340398.jpg,0,none,,,,,train
auth_12341278.jpg,0,none,,,,,train
tamp_12340995_copy_move.jpg,1,copy_move,198,164,309,182,train
auth_12340432.jpg,0,none,,,,,train
auth_12340973.jpg,0,none,,,,,train
auth_12340898.jpg,0,none,,,,,train
tamp_12340118_retype.jpg,1,retype,197,123,278,142,train
auth_12340679.jpg,0,none,,,,,train
tamp_12340277_retype.jpg,1,retype,197,243,304,262,train
auth_12340271.jpg,0,none,,,,,train
tamp_12340974_splice.jpg,1,splice,196,162,311,184,train
tamp_12341250_copy_move.jpg,1,copy_move,198,204,219,221,train
auth_12341265.jpg,0,none,,,,,train
auth_12341374.jpg,0,none,,,,,train
auth_12341272.jpg,0,none,,,,,train
tamp_12341982_copy_move.jpg,1,copy_move,198,244,297,261,train
tamp_12340604_copy_move.jpg,1,copy_move,198,284,358,301,train
auth_12341604.jpg,0,none,,,,,train
auth_12341420.jpg,0,none,,,,,train
auth_12340465.jpg,0,none,,,,,train
auth_12340539.jpg,0,none,,,,,train
tamp_12340047_recompress.jpg,1,recompress,190,316,263,350,train
auth_12340306.jpg,0,none,,,,,train
tamp_12341193_copy_move.jpg,1,copy_move,198,84,257,101,train
tamp_12340202_splice.jpg,1,splice,196,82,256,103,train
auth_12340490.jpg,0,none,,,,,train
auth_12341252.jpg,0,none,,,,,train
tamp_12340697_copy_move.jpg,1,copy_move,198,124,238,141,train
tamp_12340740_splice.jpg,1,splice,196,242,306,263,train
tamp_12340417_recompress.jpg,1,recompress,190,276,366,309,train
auth_12340752.jpg,0,none,,,,,train
tamp_12341438_copy_move.jpg,1,copy_move,198,244,270,261,train
tamp_12340390_splice.jpg,1,splice,196,322,257,344,train
tamp_12341919_recompress.jpg,1,recompress,190,156,317,190,train
auth_12340052.jpg,0,none,,,,,train
auth_12341519.jpg,0,none,,,,,train
tamp_12341464_recompress.jpg,1,recompress,190,236,293,269,train
tamp_12341724_copy_move.jpg,1,copy_move,198,164,309,182,train
tamp_12341289_retype.jpg,1,retype,197,283,359,302,train
auth_12340831.jpg,0,none,,,,,train
tamp_12341550_recompress.jpg,1,recompress,190,76,288,109,train
auth_12341427.jpg,0,none,,,,,train
auth_12340568.jpg,0,none,,,,,train
tamp_12340025_retype.jpg,1,retype,197,123,278,142,train
auth_12341234.jpg,0,none,,,,,train
tamp_12340398_splice.jpg,1,splice,196,242,287,263,train
auth_12341402.jpg,0,none,,,,,train
tamp_12340432_recompress.jpg,1,recompress,190,76,287,109,train
tamp_12341405_retype.jpg,1,retype,197,163,310,183,train
auth_12340512.jpg,0,none,,,,,train
tamp_12340031_splice.jpg,1,splice,196,122,263,143,train
auth_12341753.jpg,0,none,,,,,train
tamp_12340821_retype.jpg,1,retype,197,243,325,262,train
auth_12341009.jpg,0,none,,,,,train
auth_12340270.jpg,0,none,,,,,train
tamp_12341765_splice.jpg,1,splice,196,162,311,184,train
auth_12340816.jpg,0,none,,,,,train
auth_12340463.jpg,0,none,,,,,train
tamp_12341423_copy_move.jpg,1,copy_move,198,324,255,342,train
auth_12341482.jpg,0,none,,,,,train
tamp_12341371_splice.jpg,1,splice,196,202,221,223,train
tamp_12340219_recompress.jpg,1,recompress,190,276,366,309,train
tamp_12340026_splice.jpg,1,splice,196,122,267,143,train
auth_12341806.jpg,0,none,,,,,train
auth_12340665.jpg,0,none,,,,,train
auth_12340431.jpg,0,none,,,,,train
auth_12341391.jpg,0,none,,,,,train
auth_12340172.jpg,0,none,,,,,train
tamp_12340132_copy_move.jpg,1,copy_move,198,124,238,141,train
tamp_12341892_retype.jpg,1,retype,197,283,359,302,train
tamp_12340032_splice.jpg,1,splice,196,282,360,303,train
tamp_12340591_retype.jpg,1,retype,197,83,279,102,train
tamp_12341375_retype.jpg,1,retype,197,83,286,102,train
tamp_12341834_recompress.jpg,1,recompress,190,236,305,269,train
tamp_12340835_recompress.jpg,1,recompress,190,76,244,109,train
auth_12341536.jpg,0,none,,,,,train
auth_12340916.jpg,0,none,,,,,train
tamp_12341814_recompress.jpg,1,recompress,190,276,366,309,train
auth_12340851.jpg,0,none,,,,,train
tamp_12340402_copy_move.jpg,1,copy_move,198,324,255,342,train
auth_12340751.jpg,0,none,,,,,train
auth_12340910.jpg,0,none,,,,,train
tamp_12340371_retype.jpg,1,retype,197,83,255,102,train
tamp_12341335_splice.jpg,1,splice,196,202,221,223,train
auth_12340799.jpg,0,none,,,,,train
auth_12340214.jpg,0,none,,,,,train
tamp_12341256_recompress.jpg,1,recompress,190,156,317,190,train
auth_12341373.jpg,0,none,,,,,train
tamp_12341208_recompress.jpg,1,recompress,190,116,257,149,train
tamp_12341435_recompress.jpg,1,recompress,190,76,287,109,train
auth_12340018.jpg,0,none,,,,,train
tamp_12341878_splice.jpg,1,splice,196,322,257,344,train
tamp_12340755_copy_move.jpg,1,copy_move,198,164,309,182,train
tamp_12340071_recompress.jpg,1,recompress,190,76,284,109,train
auth_12340873.jpg,0,none,,,,,train
tamp_12340350_recompress.jpg,1,recompress,190,116,252,149,train
auth_12341566.jpg,0,none,,,,,train
tamp_12340921_recompress.jpg,1,recompress,190,76,293,109,train
auth_12341012.jpg,0,none,,,,,train
auth_12340443.jpg,0,none,,,,,train
auth_12341104.jpg,0,none,,,,,train
auth_12340297.jpg,0,none,,,,,train
auth_12341534.jpg,0,none,,,,,train
tamp_12340723_copy_move.jpg,1,copy_move,198,124,272,141,train
tamp_12341054_copy_move.jpg,1,copy_move,198,284,358,301,train
auth_12340134.jpg,0,none,,,,,train
tamp_12340223_retype.jpg,1,retype,197,283,359,302,train
tamp_12341034_recompress.jpg,1,recompress,190,116,252,149,train
tamp_12341030_retype.jpg,1,retype,197,283,359,302,train
tamp_12341325_copy_move.jpg,1,copy_move,198,124,238,141,train
auth_12340223.jpg,0,none,,,,,train
auth_12341254.jpg,0,none,,,,,train
tamp_12340895_retype.jpg,1,retype,197,283,359,302,train
auth_12341396.jpg,0,none,,,,,train
auth_12341915.jpg,0,none,,,,,train
auth_12340411.jpg,0,none,,,,,train
auth_12340918.jpg,0,none,,,,,train
auth_12341729.jpg,0,none,,,,,train
tamp_12340639_retype.jpg,1,retype,196,123,248,142,train
tamp_12341964_copy_move.jpg,1,copy_move,198,284,358,301,train
tamp_12341612_retype.jpg,1,retype,197,123,278,142,train
auth_12341210.jpg,0,none,,,,,train
tamp_12341731_splice.jpg,1,splice,196,202,221,223,train
tamp_12340799_retype.jpg,1,retype,197,163,310,183,train
tamp_12340735_copy_move.jpg,1,copy_move,198,84,285,101,train
tamp_12340098_retype.jpg,1,retype,196,123,248,142,train
auth_12341245.jpg,0,none,,,,,train
tamp_12341492_splice.jpg,1,splice,196,82,265,103,train
tamp_12340970_splice.jpg,1,splice,196,202,215,223,train
auth_12341493.jpg,0,none,,,,,train
tamp_12340487_recompress.jpg,1,recompress,190,76,282,109,train
tamp_12341381_retype.jpg,1,retype,197,123,260,142,train
tamp_12341983_recompress.jpg,1,recompress,190,276,366,309,train
auth_12341662.jpg,0,none,,,,,train
tamp_12340022_retype.jpg,1,retype,197,283,359,302,train
tamp_12340324_recompress.jpg,1,recompress,190,116,262,149,train
auth_12341326.jpg,0,none,,,,,train
tamp_12340666_copy_move.jpg,1,copy_move,198,164,309,182,train
auth_12341739.jpg,0,none,,,,,train
auth_12340064.jpg,0,none,,,,,train
tamp_12341760_copy_move.jpg,1,copy_move,198,84,263,101,train
tamp_12341118_retype.jpg,1,retype,197,83,255,102,train
auth_12341695.jpg,0,none,,,,,train
auth_12341486.jpg,0,none,,,,,train
tamp_12341699_splice.jpg,1,splice,196,122,267,143,train
auth_12341463.jpg,0,none,,,,,train
auth_12341918.jpg,0,none,,,,,train
tamp_12340117_splice.jpg,1,splice,196,122,263,143,train
tamp_12340758_splice.jpg,1,splice,196,282,360,303,train
auth_12340260.jpg,0,none,,,,,train
auth_12340068.jpg,0,none,,,,,train
tamp_12340757_copy_move.jpg,1,copy_move,198,124,272,141,train
auth_12340426.jpg,0,none,,,,,train
tamp_12340982_retype.jpg,1,retype,197,83,277,102,train
tamp_12341449_splice.jpg,1,splice,196,242,287,263,train
auth_12340110.jpg,0,none,,,,,train
auth_12341149.jpg,0,none,,,,,train
tamp_12340086_splice.jpg,1,splice,196,282,360,303,train
auth_12341818.jpg,0,none,,,,,train
auth_12341573.jpg,0,none,,,,,train
tamp_12340507_recompress.jpg,1,recompress,190,196,227,229,train
auth_12341700.jpg,0,none,,,,,train
tamp_12341631_recompress.jpg,1,recompress,190,156,317,190,train
tamp_12340311_recompress.jpg,1,recompress,190,116,262,149,train
tamp_12340236_recompress.jpg,1,recompress,190,316,263,350,train
auth_12340544.jpg,0,none,,,,,train
tamp_12340427_copy_move.jpg,1,copy_move,198,124,238,141,train
auth_12341236.jpg,0,none,,,,,train
auth_12341613.jpg,0,none,,,,,train
tamp_12341656_copy_move.jpg,1,copy_move,198,204,213,221,train
tamp_12340862_copy_move.jpg,1,copy_move,198,84,272,101,train
auth_12340579.jpg,0,none,,,,,train
auth_12341828.jpg,0,none,,,,,train
auth_12341963.jpg,0,none,,,,,train
auth_12340718.jpg,0,none,,,,,train
tamp_12341727_copy_move.jpg,1,copy_move,197,124,251,144,train
auth_12341383.jpg,0,none,,,,,train
auth_12340922.jpg,0,none,,,,,train
tamp_12340271_retype.jpg,1,retype,197,243,298,262,train
auth_12340455.jpg,0,none,,,,,train
auth_12340582.jpg,0,none,,,,,train
auth_12340875.jpg,0,none,,,,,train
tamp_12340742_retype.jpg,1,retype,197,283,359,302,train
tamp_12340608_recompress.jpg,1,recompress,190,196,221,229,train
tamp_12341428_copy_move.jpg,1,copy_move,198,164,309,182,train
auth_12341162.jpg,0,none,,,,,train
auth_12341905.jpg,0,none,,,,,train
tamp_12340928_copy_move.jpg,1,copy_move,198,324,255,342,train
tamp_12340996_splice.jpg,1,splice,196,162,311,184,train
tamp_12340771_recompress.jpg,1,recompress,190,196,221,229,train
tamp_12340860_copy_move.jpg,1,copy_move,198,164,309,182,train
auth_12341930.jpg,0,none,,,,,train
tamp_12340786_retype.jpg,1,retype,197,163,310,183,train
tamp_12341883_copy_move.jpg,1,copy_move,197,124,251,144,train
auth_12341705.jpg,0,none,,,,,train
tamp_12340211_recompress.jpg,1,recompress,190,276,366,309,train
auth_12341106.jpg,0,none,,,,,train
auth_12341001.jpg,0,none,,,,,train
tamp_12340073_retype.jpg,1,retype,197,83,277,102,train
tamp_12340985_retype.jpg,1,retype,197,83,281,102,train
auth_12340934.jpg,0,none,,,,,train
tamp_12340204_recompress.jpg,1,recompress,190,316,263,350,train
auth_12341677.jpg,0,none,,,,,train
tamp_12340056_recompress.jpg,1,recompress,190,316,263,350,train
tamp_12340730_splice.jpg,1,splice,196,82,282,103,train
tamp_12341161_copy_move.jpg,1,copy_move,198,284,358,301,train
auth_12340615.jpg,0,none,,,,,train
tamp_12341949_retype.jpg,1,retype,197,83,258,102,train
tamp_12340607_splice.jpg,1,splice,196,122,267,143,train
auth_12341711.jpg,0,none,,,,,train
tamp_12340561_retype.jpg,1,retype,197,243,286,262,train
auth_12340506.jpg,0,none,,,,,train
auth_12340044.jpg,0,none,,,,,train
tamp_12341322_retype.jpg,1,retype,197,203,214,222,train
auth_12340256.jpg,0,none,,,,,train
tamp_12341790_copy_move.jpg,1,copy_move,198,244,304,261,train
auth_12340025.jpg,0,none,,,,,train
tamp_12341578_retype.jpg,1,retype,197,323,256,343,train
auth_12340743.jpg,0,none,,,,,train
auth_12341244.jpg,0,none,,,,,train
tamp_12341055_copy_move.jpg,1,copy_move,198,124,238,141,train
auth_12341353.jpg,0,none,,,,,train
auth_12341215.jpg,0,none,,,,,train
tamp_12340464_copy_move.jpg,1,copy_move,198,84,254,101,train
tamp_12340541_copy_move.jpg,1,copy_move,198,324,255,342,train
auth_12341425.jpg,0,none,,,,,train
tamp_12341431_recompress.jpg,1,recompress,190,116,258,149,train
tamp_12340713_retype.jpg,1,retype,197,243,271,262,train
tamp_12340165_splice.jpg,1,splice,196,202,215,223,train
auth_12341099.jpg,0,none,,,,,train
tamp_12341536_copy_move.jpg,1,copy_move,198,284,358,301,train
auth_12341238.jpg,0,none,,,,,train
tamp_12340764_copy_move.jpg,1,copy_move,198,124,238,141,train
tamp_12341728_copy_move.jpg,1,copy_move,197,124,251,144,train
auth_12340397.jpg,0,none,,,,,train
auth_12341670.jpg,0,none,,,,,train
auth_12340987.jpg,0,none,,,,,train
auth_12340299.jpg,0,none,,,,,train
auth_12341289.jpg,0,none,,,,,train
auth_12340521.jpg,0,none,,,,,train
tamp_12340125_retype.jpg,1,retype,197,203,214,222,train
tamp_12341668_recompress.jpg,1,recompress,190,196,227,229,train
tamp_12340122_retype.jpg,1,retype,197,243,325,262,train
auth_12340388.jpg,0,none,,,,,train
auth_12341617.jpg,0,none,,,,,train
tamp_12340037_splice.jpg,1,splice,196,282,360,303,train
tamp_12340741_recompress.jpg,1,recompress,190,316,263,350,train
tamp_12340058_splice.jpg,1,splice,196,202,221,223,train
tamp_12341854_copy_move.jpg,1,copy_move,197,124,251,144,train
auth_12341969.jpg,0,none,,,,,train
tamp_12341223_copy_move.jpg,1,copy_move,198,204,213,221,train
tamp_12340172_recompress.jpg,1,recompress,190,196,221,229,train
auth_12341029.jpg,0,none,,,,,train
auth_12341445.jpg,0,none,,,,,train
tamp_12341501_recompress.jpg,1,recompress,190,76,265,109,train
tamp_12340035_recompress.jpg,1,recompress,190,76,293,109,train
tamp_12340506_recompress.jpg,1,recompress,190,276,366,309,train
auth_12341928.jpg,0,none,,,,,train
tamp_12340423_recompress.jpg,1,recompress,190,196,221,229,train
tamp_12340906_splice.jpg,1,splice,196,202,221,223,train
tamp_12341882_copy_move.jpg,1,copy_move,198,84,274,101,train
tamp_12340880_copy_move.jpg,1,copy_move,198,124,272,141,train
tamp_12340502_splice.jpg,1,splice,196,282,360,303,train
tamp_12340367_recompress.jpg,1,recompress,190,316,263,350,train
tamp_12341761_copy_move.jpg,1,copy_move,198,84,257,101,train
auth_12341303.jpg,0,none,,,,,train
tamp_12341384_copy_move.jpg,1,copy_move,198,244,297,261,train
tamp_12340299_splice.jpg,1,splice,196,242,281,263,train
tamp_12341278_copy_move.jpg,1,copy_move,198,284,358,301,train
auth_12340000.jpg,0,none,,,,,train
tamp_12341229_splice.jpg,1,splice,196,202,221,223,train
auth_12341646.jpg,0,none,,,,,train
auth_12340389.jpg,0,none,,,,,train
tamp_12341093_recompress.jpg,1,recompress,190,76,293,109,train
auth_12340156.jpg,0,none,,,,,train
tamp_12340845_recompress.jpg,1,recompress,190,236,305,269,train
auth_12341440.jpg,0,none,,,,,train
auth_12341397.jpg,0,none,,,,,train
tamp_12341771_retype.jpg,1,retype,197,323,256,343,train
tamp_12341625_copy_move.jpg,1,copy_move,198,324,255,342,train
auth_12341612.jpg,0,none,,,,,train
tamp_12340752_splice.jpg,1,splice,196,242,281,263,train
auth_12341155.jpg,0,none,,,,,train
tamp_12340169_splice.jpg,1,splice,196,82,287,103,train
auth_12341259.jpg,0,none,,,,,train
auth_12341031.jpg,0,none,,,,,train
auth_12341306.jpg,0,none,,,,,train
auth_12341032.jpg,0,none,,,,,train
auth_12341436.jpg,0,none,,,,,train
tamp_12340700_recompress.jpg,1,recompress,190,196,227,229,train
tamp_12340872_recompress.jpg,1,recompress,190,316,263,350,train
tamp_12341900_recompress.jpg,1,recompress,190,76,282,109,train
tamp_12341553_splice.jpg,1,splice,196,282,360,303,train
auth_12341747.jpg,0,none,,,,,train
auth_12341472.jpg,0,none,,,,,train
auth_12340396.jpg,0,none,,,,,train
tamp_12341482_retype.jpg,1,retype,197,283,359,302,train
auth_12340058.jpg,0,none,,,,,train
tamp_12340425_splice.jpg,1,splice,196,162,311,184,train
auth_12341542.jpg,0,none,,,,,train
auth_12340291.jpg,0,none,,,,,train
tamp_12341817_recompress.jpg,1,recompress,190,236,287,269,train
auth_12341720.jpg,0,none,,,,,train
auth_12341177.jpg,0,none,,,,,train
auth_12340839.jpg,0,none,,,,,train
tamp_12341170_copy_move.jpg,1,copy_move,198,124,272,141,train
auth_12340501.jpg,0,none,,,,,train
tamp_12340840_copy_move.jpg,1,copy_move,198,324,255,342,train
tamp_12341138_copy_move.jpg,1,copy_move,198,84,285,101,train
auth_12341680.jpg,0,none,,,,,train
tamp_12340356_recompress.jpg,1,recompress,190,196,221,229,train
tamp_12340001_copy_move.jpg,1,copy_move,198,204,219,221,train
auth_12340655.jpg,0,none,,,,,train
auth_12340612.jpg,0,none,,,,,train
auth_12341196.jpg,0,none,,,,,train
auth_12341690.jpg,0,none,,,,,train
auth_12340079.jpg,0,none,,,,,train
auth_12340346.jpg,0,none,,,,,train
auth_12341173.jpg,0,none,,,,,train
tamp_12341498_retype.jpg,1,retype,197,163,310,183,train
tamp_12340089_copy_move.jpg,1,copy_move,198,284,358,301,train
tamp_12340193_recompress.jpg,1,recompress,190,116,257,149,train
tamp_12340159_copy_move.jpg,1,copy_move,198,324,255,342,train
auth_12341701.jpg,0,none,,,,,train
tamp_12341555_recompress.jpg,1,recompress,190,116,262,149,train
tamp_12340766_retype.jpg,1,retype,197,203,214,222,train
tamp_12340929_copy_move.jpg,1,copy_move,198,164,309,182,train
tamp_12341124_splice.jpg,1,splice,196,242,292,263,train
auth_12341866.jpg,0,none,,,,,train
tamp_12340776_splice.jpg,1,splice,196,242,299,263,train
tamp_12340721_splice.jpg,1,splice,196,82,265,103,train
auth_12340771.jpg,0,none,,,,,train
auth_12340795.jpg,0,none,,,,,train
tamp_12340024_copy_move.jpg,1,copy_move,198,284,358,301,train
tamp_12341709_splice.jpg,1,splice,196,322,257,344,train
auth_12341966.jpg,0,none,,,,,train
tamp_12340305_splice.jpg,1,splice,195,242,297,266,train
auth_12341847.jpg,0,none,,,,,train
auth_12340717.jpg,0,none,,,,,train
auth_12340295.jpg,0,none,,,,,train
tamp_12340630_copy_move.jpg,1,copy_move,198,124,258,141,train
tamp_12341598_copy_move.jpg,1,copy_move,198,324,255,342,train
auth_12340104.jpg,0,none,,,,,train
tamp_12340934_splice.jpg,1,splice,196,82,276,103,train
auth_12341609.jpg,0,none,,,,,train
auth_12340657.jpg,0,none,,,,,train
auth_12341294.jpg,0,none,,,,,train
auth_12340877.jpg,0,none,,,,,train
auth_12340196.jpg,0,none,,,,,train
tamp_12341763_splice.jpg,1,splice,196,82,278,103,train
tamp_12341545_recompress.jpg,1,recompress,190,76,287,109,train
tamp_12340679_splice.jpg,1,splice,196,282,360,303,train
auth_12340699.jpg,0,none,,,,,train
tamp_12340040_copy_move.jpg,1,copy_move,198,204,219,221,train
auth_12340950.jpg,0,none,,,,,train
tamp_12341403_retype.jpg,1,retype,197,163,310,183,train
tamp_12341693_retype.jpg,1,retype,197,203,214,222,train
auth_12340415.jpg,0,none,,,,,train
auth_12341888.jpg,0,none,,,,,train
auth_12340928.jpg,0,none,,,,,train
tamp_12340178_copy_move.jpg,1,copy_move,198,284,358,301,train
auth_12341848.jpg,0,none,,,,,train
tamp_12341195_splice.jpg,1,splice,196,122,263,143,train
auth_12341823.jpg,0,none,,,,,train
tamp_12340936_retype.jpg,1,retype,197,323,256,343,train
auth_12341773.jpg,0,none,,,,,train
auth_12340537.jpg,0,none,,,,,train
auth_12341458.jpg,0,none,,,,,train
auth_12340123.jpg,0,none,,,,,train
auth_12340486.jpg,0,none,,,,,train
tamp_12340716_recompress.jpg,1,recompress,190,116,258,149,train
auth_12340849.jpg,0,none,,,,,train
tamp_12340977_copy_move.jpg,1,copy_move,198,84,254,101,train
auth_12341998.jpg,0,none,,,,,train
auth_12340619.jpg,0,none,,,,,train
auth_12341213.jpg,0,none,,,,,train
tamp_12341893_retype.jpg,1,retype,197,203,220,222,train
tamp_12341513_copy_move.jpg,1,copy_move,198,324,255,342,train
tamp_12341628_retype.jpg,1,retype,197,123,265,142,train
tamp_12341939_retype.jpg,1,retype,197,163,310,183,train
auth_12340672.jpg,0,none,,,,,train
auth_12340515.jpg,0,none,,,,,train
auth_12340572.jpg,0,none,,,,,train
tamp_12341151_copy_move.jpg,1,copy_move,198,164,309,182,train
auth_12341026.jpg,0,none,,,,,train
auth_12341667.jpg,0,none,,,,,train
auth_12341051.jpg,0,none,,,,,train
tamp_12341655_recompress.jpg,1,recompress,190,196,221,229,train
tamp_12340881_splice.jpg,1,splice,196,202,221,223,train
auth_12340779.jpg,0,none,,,,,train
auth_12340478.jpg,0,none,,,,,train
auth_12341270.jpg,0,none,,,,,train
auth_12340510.jpg,0,none,,,,,train
auth_12340354.jpg,0,none,,,,,train
tamp_12340773_recompress.jpg,1,recompress,190,116,262,149,train
auth_12341385.jpg,0,none,,,,,train
tamp_12341505_copy_move.jpg,1,copy_move,198,204,213,221,train
tamp_12341906_splice.jpg,1,splice,196,202,221,223,train
tamp_12340692_copy_move.jpg,1,copy_move,198,244,297,261,train
auth_12341891.jpg,0,none,,,,,train
auth_12341334.jpg,0,none,,,,,train
auth_12340765.jpg,0,none,,,,,train
auth_12340057.jpg,0,none,,,,,train
tamp_12340340_retype.jpg,1,retype,197,283,359,302,train
auth_12341336.jpg,0,none,,,,,train
tamp_12340366_copy_move.jpg,1,copy_move,198,164,309,182,train
tamp_12340406_copy_move.jpg,1,copy_move,198,164,309,182,train
tamp_12340703_recompress.jpg,1,recompress,190,276,366,309,train
tamp_12340544_recompress.jpg,1,recompress,190,76,287,109,train
auth_12340082.jpg,0,none,,,,,train
tamp_12341351_recompress.jpg,1,recompress,190,316,263,350,train
auth_12340264.jpg,0,none,,,,,train
auth_12340316.jpg,0,none,,,,,train
auth_12341616.jpg,0,none,,,,,train
auth_12341621.jpg,0,none,,,,,train
auth_12341532.jpg,0,none,,,,,train
auth_12341174.jpg,0,none,,,,,train
tamp_12340754_copy_move.jpg,1,copy_move,198,284,358,301,train
auth_12340722.jpg,0,none,,,,,train
auth_12340473.jpg,0,none,,,,,train
tamp_12341017_retype.jpg,1,retype,196,243,296,265,train
auth_12340734.jpg,0,none,,,,,train
tamp_12340320_retype.jpg,1,retype,197,323,256,343,train
tamp_12340867_copy_move.jpg,1,copy_move,198,284,358,301,train
tamp_12341367_splice.jpg,1,splice,196,282,360,303,train
tamp_12341845_recompress.jpg,1,recompress,190,76,271,109,train
tamp_12341177_recompress.jpg,1,recompress,190,76,293,109,train
auth_12341641.jpg,0,none,,,,,train
auth_12340164.jpg,0,none,,,,,train
tamp_12340947_copy_move.jpg,1,copy_move,198,324,255,342,train
auth_12340188.jpg,0,none,,,,,train
tamp_12340060_splice.jpg,1,splice,196,282,360,303,train
auth_12340534.jpg,0,none,,,,,train
auth_12340820.jpg,0,none,,,,,train
tamp_12340313_copy_move.jpg,1,copy_move,198,284,358,301,train
tamp_12340448_recompress.jpg,1,recompress,190,196,221,229,train
tamp_12341552_copy_move.jpg,1,copy_move,198,84,285,101,train
tamp_12340282_retype.jpg,1,retype,197,283,359,302,train
tamp_12340154_copy_move.jpg,1,copy_move,198,284,358,301,train
auth_12340777.jpg,0,none,,,,,train
auth_12340669.jpg,0,none,,,,,train
tamp_12341297_recompress.jpg,1,recompress,190,76,280,109,train
tamp_12340652_retype.jpg,1,retype,196,243,296,265,train
tamp_12341768_retype.jpg,1,retype,197,323,256,343,train
tamp_12341043_copy_move.jpg,1,copy_move,198,284,358,301,train
tamp_12340923_splice.jpg,1,splice,196,322,257,344,train
tamp_12341418_splice.jpg,1,splice,196,82,274,103,train
tamp_12341461_retype.jpg,1,retype,197,283,359,302,train
tamp_12341772_recompress.jpg,1,recompress,190,196,221,229,train
auth_12340250.jpg,0,none,,,,,train
auth_12341310.jpg,0,none,,,,,train
auth_12340419.jpg,0,none,,,,,train
auth_12340090.jpg,0,none,,,,,train
tamp_12341807_retype.jpg,1,retype,197,203,220,222,train
auth_12341899.jpg,0,none,,,,,train
tamp_12340864_retype.jpg,1,retype,197,83,280,102,train
tamp_12341202_splice.jpg,1,splice,196,82,282,103,train
auth_12341444.jpg,0,none,,,,,train
auth_12341597.jpg,0,none,,,,,train
tamp_12340185_retype.jpg,1,retype,197,83,280,102,train
tamp_12341793_retype.jpg,1,retype,197,243,298,262,train
auth_12340584.jpg,0,none,,,,,train
tamp_12340848_splice.jpg,1,splice,196,242,292,263,train
auth_12341124.jpg,0,none,,,,,train
auth_12341883.jpg,0,none,,,,,train
tamp_12340575_splice.jpg,1,splice,196,282,360,303,train
tamp_12341620_retype.jpg,1,retype,197,83,280,102,train
tamp_12340927_recompress.jpg,1,recompress,190,196,227,229,train
auth_12341296.jpg,0,none,,,,,train
tamp_12340197_recompress.jpg,1,recompress,190,236,298,269,train
auth_12341478.jpg,0,none,,,,,train
tamp_12340891_recompress.jpg,1,recompress,190,156,317,190,train
tamp_12340779_splice.jpg,1,splice,196,322,257,344,train
auth_12341226.jpg,0,none,,,,,train
tamp_12340069_copy_move.jpg,1,copy_move,198,84,274,101,train
tamp_12340474_recompress.jpg,1,recompress,190,156,317,190,train
tamp_12340767_copy_move.jpg,1,copy_move,198,164,309,182,train
auth_12341910.jpg,0,none,,,,,train
auth_12341066.jpg,0,none,,,,,train
tamp_12341080_splice.jpg,1,splice,196,202,215,223,train
tamp_12340482_retype.jpg,1,retype,197,83,279,102,train
auth_12341000.jpg,0,none,,,,,train
tamp_12340252_splice.jpg,1,splice,196,202,215,223,train
tamp_12341108_recompress.jpg,1,recompress,190,316,263,350,train
tamp_12341407_recompress.jpg,1,recompress,190,76,265,109,train
tamp_12340870_splice.jpg,1,splice,196,322,257,344,train
auth_12340653.jpg,0,none,,,,,train
auth_12340206.jpg,0,none,,,,,train
tamp_12340008_copy_move.jpg,1,copy_move,198,284,358,301,train
auth_12341911.jpg,0,none,,,,,train
auth_12341904.jpg,0,none,,,,,train
auth_12341715.jpg,0,none,,,,,train
auth_12341590.jpg,0,none,,,,,train
auth_12340742.jpg,0,none,,,,,train
tamp_12341791_recompress.jpg,1,recompress,190,196,227,229,train
auth_12340249.jpg,0,none,,,,,train
tamp_12341782_retype.jpg,1,retype,197,163,310,183,train
tamp_12341879_recompress.jpg,1,recompress,190,316,263,350,train
tamp_12340475_recompress.jpg,1,recompress,190,276,366,309,train
tamp_12340472_retype.jpg,1,retype,197,203,214,222,train
auth_12341852.jpg,0,none,,,,,train
auth_12341461.jpg,0,none,,,,,train
tamp_12340520_recompress.jpg,1,recompress,190,196,227,229,train
tamp_12341826_retype.jpg,1,retype,197,243,280,262,train
tamp_12340920_copy_move.jpg,1,copy_move,198,204,213,221,train
tamp_12340511_copy_move.jpg,1,copy_move,198,84,274,101,train
tamp_12340612_splice.jpg,1,splice,196,282,360,303,train
tamp_12341896_copy_move.jpg,1,copy_move,198,284,358,301,train
tamp_12340747_retype.jpg,1,retype,197,83,286,102,train
auth_12340362.jpg,0,none,,,,,train
tamp_12340791_splice.jpg,1,splice,196,322,257,344,train
auth_12340395.jpg,0,none,,,,,train
auth_12341139.jpg,0,none,,,,,train
auth_12340335.jpg,0,none,,,,,train
tamp_12341304_copy_move.jpg,1,copy_move,198,84,278,101,train
auth_12341716.jpg,0,none,,,,,train
tamp_12340413_retype.jpg,1,retype,197,243,298,262,train
tamp_12341799_retype.jpg,1,retype,197,123,260,142,train
tamp_12341051_copy_move.jpg,1,copy_move,198,284,358,301,train
auth_12341030.jpg,0,none,,,,,train
auth_12341382.jpg,0,none,,,,,train
auth_12340028.jpg,0,none,,,,,train
tamp_12340331_splice.jpg,1,splice,196,322,257,344,train
tamp_12341162_retype.jpg,1,retype,197,283,359,302,train
tamp_12341409_splice.jpg,1,splice,196,242,287,263,train
tamp_12340468_splice.jpg,1,splice,196,242,299,263,train
tamp_12340775_recompress.jpg,1,recompress,190,196,227,229,train
auth_12340234.jpg,0,none,,,,,train
tamp_12340044_copy_move.jpg,1,copy_move,198,124,258,141,train
tamp_12341669_recompress.jpg,1,recompress,190,156,317,190,train
auth_12341159.jpg,0,none,,,,,train
auth_12340551.jpg,0,none,,,,,train
tamp_12340424_retype.jpg,1,retype,197,163,310,183,train
tamp_12341808_copy_move.jpg,1,copy_move,198,284,358,301,train
auth_12340620.jpg,0,none,,,,,train
auth_12341737.jpg,0,none,,,,,train
auth_12341724.jpg,0,none,,,,,train
tamp_12340289_recompress.jpg,1,recompress,190,196,227,229,train
tamp_12340728_splice.jpg,1,splice,196,282,360,303,train
auth_12340781.jpg,0,none,,,,,train
tamp_12341224_splice.jpg,1,splice,196,322,257,344,train
tamp_12341717_retype.jpg,1,retype,197,283,359,302,train
tamp_12341624_recompress.jpg,1,recompress,190,156,317,190,train
auth_12340012.jpg,0,none,,,,,train
tamp_12340248_splice.jpg,1,splice,196,162,311,184,train
auth_12341992.jpg,0,none,,,,,train
auth_12340639.jpg,0,none,,,,,train
tamp_12341373_recompress.jpg,1,recompress,190,116,257,149,train
tamp_12341194_copy_move.jpg,1,copy_move,198,84,259,101,train
auth_12340243.jpg,0,none,,,,,train
tamp_12341148_splice.jpg,1,splice,196,322,257,344,train
tamp_12340414_recompress.jpg,1,recompress,190,116,258,149,train
auth_12341881.jpg,0,none,,,,,train
auth_12340809.jpg,0,none,,,,,train
tamp_12341023_copy_move.jpg,1,copy_move,198,244,270,261,train
tamp_12340416_retype.jpg,1,retype,197,163,310,183,train
auth_12340310.jpg,0,none,,,,,train
auth_12340767.jpg,0,none,,,,,train
auth_12341308.jpg,0,none,,,,,train
tamp_12340709_retype.jpg,1,retype,197,163,310,183,train
auth_12341580.jpg,0,none,,,,,train
tamp_12341873_splice.jpg,1,splice,196,162,311,184,train
tamp_12341928_copy_move.jpg,1,copy_move,198,284,358,301,train
tamp_12341141_retype.jpg,1,retype,197,123,260,142,train
tamp_12341890_retype.jpg,1,retype,197,163,310,183,train
auth_12341161.jpg,0,none,,,,,train
auth_12340581.jpg,0,none,,,,,train
auth_12340626.jpg,0,none,,,,,train
auth_12340708.jpg,0,none,,,,,train
auth_12340881.jpg,0,none,,,,,train
tamp_12341918_recompress.jpg,1,recompress,190,196,227,229,train
auth_12341142.jpg,0,none,,,,,train
tamp_12341450_splice.jpg,1,splice,196,322,257,344,train
auth_12340195.jpg,0,none,,,,,train
tamp_12340049_recompress.jpg,1,recompress,190,76,282,109,train
auth_12340997.jpg,0,none,,,,,train
auth_12341583.jpg,0,none,,,,,train
auth_12341211.jpg,0,none,,,,,train
auth_12341449.jpg,0,none,,,,,train
tamp_12341832_retype.jpg,1,retype,197,83,277,102,train
tamp_12341962_copy_move.jpg,1,copy_move,197,124,251,144,train
auth_12340138.jpg,0,none,,,,,train
tamp_12341946_retype.jpg,1,retype,197,83,277,102,train
auth_12341797.jpg,0,none,,,,,train
tamp_12341242_splice.jpg,1,splice,196,162,311,184,train
tamp_12341240_copy_move.jpg,1,copy_move,198,284,358,301,train
tamp_12340910_copy_move.jpg,1,copy_move,198,164,309,182,train
auth_12340558.jpg,0,none,,,,,train
tamp_12340889_recompress.jpg,1,recompress,190,156,317,190,train
tamp_12341248_copy_move.jpg,1,copy_move,198,164,309,182,train
auth_12341567.jpg,0,none,,,,,train
auth_12341919.jpg,0,none,,,,,train
tamp_12340814_copy_move.jpg,1,copy_move,198,124,238,141,train
tamp_12341885_copy_move.jpg,1,copy_move,198,84,263,101,train
tamp_12341874_recompress.jpg,1,recompress,190,116,252,149,train
auth_12341561.jpg,0,none,,,,,train
auth_12341603.jpg,0,none,,,,,train
auth_12341530.jpg,0,none,,,,,train
tamp_12341910_splice.jpg,1,splice,196,322,257,344,train
tamp_12340130_retype.jpg,1,retype,197,323,256,343,train
tamp_12340449_copy_move.jpg,1,copy_move,198,284,358,301,train
tamp_12340778_recompress.jpg,1,recompress,190,76,262,109,train
tamp_12340183_retype.jpg,1,retype,197,203,214,222,train
tamp_12341764_splice.jpg,1,splice,196,242,326,263,train
auth_12340738.jpg,0,none,,,,,train
tamp_12341191_retype.jpg,1,retype,197,323,256,343,train
tamp_12340647_splice.jpg,1,splice,196,282,360,303,train
tamp_12341010_retype.jpg,1,retype,197,203,220,222,train
auth_12341101.jpg,0,none,,,,,train
tamp_12340722_recompress.jpg,1,recompress,190,276,366,309,train
tamp_12341255_retype.jpg,1,retype,197,283,359,302,train
auth_12341862.jpg,0,none,,,,,train
tamp_12341271_copy_move.jpg,1,copy_move,198,124,272,141,train
auth_12341060.jpg,0,none,,,,,train
auth_12340507.jpg,0,none,,,,,train
auth_12340336.jpg,0,none,,,,,train
tamp_12341277_recompress.jpg,1,recompress,190,276,366,309,train
tamp_12340229_retype.jpg,1,retype,197,163,310,183,train
tamp_12340978_recompress.jpg,1,recompress,190,156,317,190,train
auth_12341044.jpg,0,none,,,,,train
tamp_12340855_recompress.jpg,1,recompress,190,116,252,149,train
tamp_12340307_copy_move.jpg,1,copy_move,198,84,274,101,train
tamp_12341291_splice.jpg,1,splice,196,242,306,263,train
tamp_12341359_splice.jpg,1,splice,196,162,311,184,train
tamp_12340111_retype.jpg,1,retype,197,203,214,222,train
auth_12340996.jpg,0,none,,,,,train
tamp_12340191_recompress.jpg,1,recompress,190,76,265,109,train
auth_12340888.jpg,0,none,,,,,train
auth_12340995.jpg,0,none,,,,,train
auth_12341783.jpg,0,none,,,,,train
tamp_12341455_splice.jpg,1,splice,196,282,360,303,train
auth_12341225.jpg,0,none,,,,,train
tamp_12340012_recompress.jpg,1,recompress,190,156,317,190,train
auth_12340562.jpg,0,none,,,,,train
auth_12341784.jpg,0,none,,,,,train
tamp_12341850_retype.jpg,1,retype,197,203,220,222,train
auth_12341524.jpg,0,none,,,,,train
tamp_12341533_copy_move.jpg,1,copy_move,198,164,309,182,train
tamp_12340337_splice.jpg,1,splice,196,242,281,263,train
auth_12340940.jpg,0,none,,,,,train
auth_12340585.jpg,0,none,,,,,train
auth_12340371.jpg,0,none,,,,,train
auth_12340491.jpg,0,none,,,,,train
auth_12341933.jpg,0,none,,,,,train
tamp_12341362_recompress.jpg,1,recompress,190,156,317,190,train
auth_12340032.jpg,0,none,,,,,train
tamp_12340871_recompress.jpg,1,recompress,190,196,227,229,train
auth_12340563.jpg,0,none,,,,,train
auth_12340245.jpg,0,none,,,,,train
tamp_12341330_copy_move.jpg,1,copy_move,197,124,251,144,train
auth_12340076.jpg,0,none,,,,,train
auth_12341813.jpg,0,none,,,,,train
auth_12340242.jpg,0,none,,,,,train
tamp_12340084_retype.jpg,1,retype,197,203,214,222,train
auth_12340793.jpg,0,none,,,,,train
auth_12340147.jpg,0,none,,,,,train
tamp_12340952_recompress.jpg,1,recompress,190,156,317,190,train
auth_12341628.jpg,0,none,,,,,train
tamp_12340825_copy_move.jpg,1,copy_move,198,84,278,101,train
auth_12340618.jpg,0,none,,,,,train
auth_12340309.jpg,0,none,,,,,train
tamp_12340564_copy_move.jpg,1,copy_move,198,124,272,141,train
auth_12340787.jpg,0,none,,,,,train
tamp_12340888_copy_move.jpg,1,copy_move,198,284,358,301,train
tamp_12340557_copy_move.jpg,1,copy_move,198,164,309,182,train
tamp_12340270_splice.jpg,1,splice,196,162,311,184,train
auth_12340418.jpg,0,none,,,,,train
tamp_12341190_recompress.jpg,1,recompress,190,316,263,350,train
tamp_12341989_copy_move.jpg,1,copy_move,198,324,255,342,train
tamp_12341121_retype.jpg,1,retype,197,163,310,183,train
auth_12340075.jpg,0,none,,,,,train
tamp_12340925_retype.jpg,1,retype,197,203,214,222,train
tamp_12340129_retype.jpg,1,retype,197,243,280,262,train
tamp_12340534_recompress.jpg,1,recompress,190,236,312,269,train
auth_12341859.jpg,0,none,,,,,train
tamp_12340725_retype.jpg,1,retype,197,123,265,142,train
tamp_12341456_recompress.jpg,1,recompress,190,316,263,350,train
auth_12341297.jpg,0,none,,,,,train
auth_12340181.jpg,0,none,,,,,train
auth_12341468.jpg,0,none,,,,,train
tamp_12340491_recompress.jpg,1,recompress,190,116,258,149,train
tamp_12341611_retype.jpg,1,retype,197,203,220,222,train
auth_12340136.jpg,0,none,,,,,train
auth_12341103.jpg,0,none,,,,,train
auth_12340356.jpg,0,none,,,,,train
auth_12340365.jpg,0,none,,,,,train
auth_12341439.jpg,0,none,,,,,train
tamp_12341788_recompress.jpg,1,recompress,190,196,221,229,train
auth_12340775.jpg,0,none,,,,,train
auth_12341242.jpg,0,none,,,,,train
tamp_12340926_splice.jpg,1,splice,196,162,311,184,train
tamp_12340166_retype.jpg,1,retype,197,243,325,262,train
tamp_12340180_copy_move.jpg,1,copy_move,198,284,358,301,train
tamp_12340460_retype.jpg,1,retype,197,323,256,343,train
auth_12340929.jpg,0,none,,,,,train
auth_12340070.jpg,0,none,,,,,train
tamp_12340174_retype.jpg,1,retype,197,323,256,343,train
tamp_12340631_copy_move.jpg,1,copy_move,198,204,219,221,train
auth_12341337.jpg,0,none,,,,,train
auth_12341782.jpg,0,none,,,,,train
tamp_12341370_recompress.jpg,1,recompress,190,156,317,190,train
auth_12340919.jpg,0,none,,,,,train
auth_12341224.jpg,0,none,,,,,train
auth_12340904.jpg,0,none,,,,,train
auth_12340286.jpg,0,none,,,,,train
auth_12340377.jpg,0,none,,,,,train
tamp_12340479_copy_move.jpg,1,copy_move,198,284,358,301,train
auth_12340647.jpg,0,none,,,,,train
tamp_12341090_retype.jpg,1,retype,197,123,278,142,train
auth_12341269.jpg,0,none,,,,,train
tamp_12341123_recompress.jpg,1,recompress,190,316,263,350,train
tamp_12340865_splice.jpg,1,splice,196,202,215,223,train
tamp_12341430_splice.jpg,1,splice,196,202,221,223,train
tamp_12341299_recompress.jpg,1,recompress,190,76,271,109,train
tamp_12340438_retype.jpg,1,retype,197,163,310,183,train
tamp_12341943_copy_move.jpg,1,copy_move,198,204,219,221,train
auth_12341923.jpg,0,none,,,,,train
tamp_12340577_retype.jpg,1,retype,196,243,296,265,train
auth_12341260.jpg,0,none,,,,,train
tamp_12340826_recompress.jpg,1,recompress,190,76,287,109,train
tamp_12341863_splice.jpg,1,splice,196,242,281,263,train
auth_12341218.jpg,0,none,,,,,train
tamp_12340696_recompress.jpg,1,recompress,190,116,258,149,train
tamp_12340420_splice.jpg,1,splice,196,322,257,344,train
tamp_12341581_retype.jpg,1,retype,197,243,298,262,train
tamp_12340316_recompress.jpg,1,recompress,190,236,278,269,train
auth_12340010.jpg,0,none,,,,,train
tamp_12340987_recompress.jpg,1,recompress,190,196,221,229,train
tamp_12341172_copy_move.jpg,1,copy_move,198,284,358,301,train
tamp_12340255_splice.jpg,1,splice,196,322,257,344,train
auth_12340276.jpg,0,none,,,,,train
tamp_12340495_splice.jpg,1,splice,196,322,257,344,train
tamp_12341508_copy_move.jpg,1,copy_move,198,324,255,342,train
tamp_12340800_splice.jpg,1,splice,196,202,221,223,train
tamp_12340726_retype.jpg,1,retype,197,243,286,262,train
tamp_12341220_retype.jpg,1,retype,197,83,275,102,train
auth_12341405.jpg,0,none,,,,,train
auth_12340550.jpg,0,none,,,,,train
tamp_12341087_copy_move.jpg,1,copy_move,198,324,255,342,train
auth_12341945.jpg,0,none,,,,,train
tamp_12340981_splice.jpg,1,splice,196,82,281,103,train
tamp_12340295_recompress.jpg,1,recompress,190,276,366,309,train
auth_12341086.jpg,0,none,,,,,train
auth_12340078.jpg,0,none,,,,,train
tamp_12341748_copy_move.jpg,1,copy_move,197,124,251,144,train
auth_12341262.jpg,0,none,,,,,train
tamp_12341038_retype.jpg,1,retype,197,163,310,183,train
auth_12340062.jpg,0,none,,,,,train
auth_12341448.jpg,0,none,,,,,train
auth_12340103.jpg,0,none,,,,,train
auth_12340860.jpg,0,none,,,,,train
auth_12341186.jpg,0,none,,,,,train
tamp_12341020_splice.jpg,1,splice,196,122,263,143,train
auth_12341498.jpg,0,none,,,,,train
tamp_12340997_splice.jpg,1,splice,196,242,292,263,train
tamp_12341607_recompress.jpg,1,recompress,190,316,263,350,train
auth_12340755.jpg,0,none,,,,,train
tamp_12341241_retype.jpg,1,retype,197,203,220,222,train
auth_12340546.jpg,0,none,,,,,train
tamp_12340761_recompress.jpg,1,recompress,190,196,227,229,train
auth_12340935.jpg,0,none,,,,,train
tamp_12340710_retype.jpg,1,retype,197,243,304,262,train
tamp_12340133_recompress.jpg,1,recompress,190,196,227,229,train
auth_12341158.jpg,0,none,,,,,train
auth_12340600.jpg,0,none,,,,,train
tamp_12340232_retype.jpg,1,retype,197,203,220,222,train
tamp_12341786_copy_move.jpg,1,copy_move,198,164,309,182,train
auth_12340105.jpg,0,none,,,,,train
auth_12341481.jpg,0,none,,,,,train
tamp_12340951_copy_move.jpg,1,copy_move,198,244,304,261,train
auth_12340710.jpg,0,none,,,,,train
tamp_12340892_copy_move.jpg,1,copy_move,198,164,309,182,train
tamp_12341702_retype.jpg,1,retype,197,123,260,142,train
tamp_12340362_splice.jpg,1,splice,196,202,221,223,train
tamp_12340924_copy_move.jpg,1,copy_move,198,84,274,101,train
tamp_12340734_splice.jpg,1,splice,196,242,306,263,train
auth_12341877.jpg,0,none,,,,,train
auth_12341657.jpg,0,none,,,,,train
auth_12340637.jpg,0,none,,,,,train
tamp_12341561_recompress.jpg,1,recompress,190,316,263,350,train
auth_12340412.jpg,0,none,,,,,train
auth_12340387.jpg,0,none,,,,,train
tamp_12341077_splice.jpg,1,splice,196,322,257,344,train
tamp_12340161_recompress.jpg,1,recompress,190,76,288,109,train
auth_12340815.jpg,0,none,,,,,train
auth_12341772.jpg,0,none,,,,,train
tamp_12341015_splice.jpg,1,splice,196,162,311,184,train
tamp_12340663_copy_move.jpg,1,copy_move,198,124,238,141,train
tamp_12341022_recompress.jpg,1,recompress,190,316,263,350,train
tamp_12341217_splice.jpg,1,splice,196,162,311,184,train
auth_12340747.jpg,0,none,,,,,train
auth_12341329.jpg,0,none,,,,,train
auth_12340608.jpg,0,none,,,,,train
auth_12341506.jpg,0,none,,,,,train
tamp_12341226_copy_move.jpg,1,copy_move,198,244,285,261,train
tamp_12341420_copy_move.jpg,1,copy_move,198,84,263,101,train
auth_12340449.jpg,0,none,,,,,train
tamp_12340516_splice.jpg,1,splice,196,242,299,263,train
auth_12340228.jpg,0,none,,,,,train
auth_12340027.jpg,0,none,,,,,train
auth_12341854.jpg,0,none,,,,,train
auth_12340298.jpg,0,none,,,,,train
auth_12340887.jpg,0,none,,,,,train
tamp_12341115_copy_move.jpg,1,copy_move,198,284,358,301,train
tamp_12340795_recompress.jpg,1,recompress,190,116,258,149,train
auth_12341201.jpg,0,none,,,,,train
tamp_12340944_splice.jpg,1,splice,196,122,263,143,train
tamp_12340401_retype.jpg,1,retype,197,243,280,262,train
auth_12341815.jpg,0,none,,,,,train
tamp_12340568_splice.jpg,1,splice,196,202,221,223,train
auth_12340633.jpg,0,none,,,,,train
auth_12340690.jpg,0,none,,,,,train
auth_12341094.jpg,0,none,,,,,train
auth_12340436.jpg,0,none,,,,,train
auth_12341320.jpg,0,none,,,,,train
tamp_12341047_recompress.jpg,1,recompress,190,276,366,309,train
tamp_12340671_copy_move.jpg,1,copy_move,198,244,297,261,train
tamp_12340585_copy_move.jpg,1,copy_move,198,244,270,261,train
auth_12341758.jpg,0,none,,,,,train
auth_12341880.jpg,0,none,,,,,train
auth_12341441.jpg,0,none,,,,,train
auth_12341985.jpg,0,none,,,,,train
auth_12341960.jpg,0,none,,,,,train
tamp_12341642_splice.jpg,1,splice,196,122,264,143,train
auth_12340023.jpg,0,none,,,,,train
tamp_12340514_copy_move.jpg,1,copy_move,198,84,280,101,train
tamp_12341851_retype.jpg,1,retype,196,243,296,265,train
auth_12341046.jpg,0,none,,,,,train
auth_12341153.jpg,0,none,,,,,train
auth_12341873.jpg,0,none,,,,,train
tamp_12340901_copy_move.jpg,1,copy_move,198,84,279,101,train
tamp_12341593_retype.jpg,1,retype,196,123,248,142,train
tamp_12340863_recompress.jpg,1,recompress,190,276,366,309,train
auth_12341558.jpg,0,none,,,,,train
auth_12341709.jpg,0,none,,,,,train
auth_12341131.jpg,0,none,,,,,train
tamp_12340624_splice.jpg,1,splice,196,122,267,143,train
auth_12340065.jpg,0,none,,,,,train
tamp_12341812_copy_move.jpg,1,copy_move,198,204,219,221,train
auth_12340543.jpg,0,none,,,,,train
tamp_12341495_copy_move.jpg,1,copy_move,198,124,272,141,train
auth_12341574.jpg,0,none,,,,,train
auth_12341527.jpg,0,none,,,,,train
auth_12341601.jpg,0,none,,,,,train
auth_12341333.jpg,0,none,,,,,train
auth_12341302.jpg,0,none,,,,,train
tamp_12340837_copy_move.jpg,1,copy_move,198,244,270,261,train
auth_12340870.jpg,0,none,,,,,train
auth_12340960.jpg,0,none,,,,,train
auth_12341480.jpg,0,none,,,,,train
tamp_12340935_copy_move.jpg,1,copy_move,198,84,285,101,train
auth_12340394.jpg,0,none,,,,,train
tamp_12340932_copy_move.jpg,1,copy_move,198,204,213,221,train
tamp_12341354_copy_move.jpg,1,copy_move,198,204,213,221,train
tamp_12341221_retype.jpg,1,retype,197,123,278,142,train
tamp_12341997_copy_move.jpg,1,copy_move,198,324,255,342,train
auth_12341500.jpg,0,none,,,,,train
tamp_12341272_retype.jpg,1,retype,197,283,359,302,train
auth_12341708.jpg,0,none,,,,,train
tamp_12340828_retype.jpg,1,retype,197,243,291,262,train
auth_12340198.jpg,0,none,,,,,train
tamp_12341805_splice.jpg,1,splice,196,282,360,303,train
auth_12341375.jpg,0,none,,,,,train
auth_12340773.jpg,0,none,,,,,train
tamp_12341432_splice.jpg,1,splice,196,322,257,344,train
tamp_12341213_copy_move.jpg,1,copy_move,198,164,309,182,train
tamp_12340216_retype.jpg,1,retype,197,83,255,102,train
tamp_12341974_retype.jpg,1,retype,197,83,277,102,train
auth_12340066.jpg,0,none,,,,,train
auth_12340968.jpg,0,none,,,,,train
auth_12340116.jpg,0,none,,,,,train
tamp_12341952_splice.jpg,1,splice,196,122,267,143,train
auth_12340175.jpg,0,none,,,,,train
auth_12341819.jpg,0,none,,,,,train
tamp_12341787_retype.jpg,1,retype,197,283,359,302,train
auth_12341781.jpg,0,none,,,,,train
tamp_12341636_splice.jpg,1,splice,196,82,274,103,train
tamp_12341216_retype.jpg,1,retype,197,203,214,222,train
auth_12341055.jpg,0,none,,,,,train
auth_12340169.jpg,0,none,,,,,train
tamp_12341475_splice.jpg,1,splice,196,162,311,184,train
tamp_12340574_copy_move.jpg,1,copy_move,198,204,213,221,train
tamp_12340798_retype.jpg,1,retype,196,123,248,142,train
tamp_12340310_retype.jpg,1,retype,197,203,220,222,train
auth_12341619.jpg,0,none,,,,,train
tamp_12340943_copy_move.jpg,1,copy_move,198,324,255,342,train
auth_12341395.jpg,0,none,,,,,train
tamp_12340253_recompress.jpg,1,recompress,190,76,271,109,train
tamp_12341651_copy_move.jpg,1,copy_move,198,324,255,342,train
tamp_12341979_retype.jpg,1,retype,197,83,286,102,train
tamp_12340538_recompress.jpg,1,recompress,190,196,221,229,train
tamp_12340958_retype.jpg,1,retype,197,283,359,302,train
auth_12341323.jpg,0,none,,,,,train
auth_12340649.jpg,0,none,,,,,train
auth_12341909.jpg,0,none,,,,,train
tamp_12340946_splice.jpg,1,splice,196,242,287,263,train
auth_12341838.jpg,0,none,,,,,train
auth_12340663.jpg,0,none,,,,,train
auth_12341684.jpg,0,none,,,,,train
auth_12341570.jpg,0,none,,,,,train
auth_12340405.jpg,0,none,,,,,train
tamp_12340626_retype.jpg,1,retype,197,323,256,343,train
tamp_12340377_splice.jpg,1,splice,196,322,257,344,train
tamp_12340020_copy_move.jpg,1,copy_move,198,204,213,221,train
auth_12341901.jpg,0,none,,,,,train
tamp_12341971_retype.jpg,1,retype,197,203,220,222,train
tamp_12341397_retype.jpg,1,retype,197,203,220,222,train
tamp_12340447_retype.jpg,1,retype,197,163,310,183,train
auth_12340854.jpg,0,none,,,,,train
tamp_12340309_copy_move.jpg,1,copy_move,198,324,255,342,train
tamp_12341547_copy_move.jpg,1,copy_move,197,124,251,144,train
auth_12340505.jpg,0,none,,,,,train
auth_12341496.jpg,0,none,,,,,train
tamp_12340823_recompress.jpg,1,recompress,190,196,227,229,train
tamp_12341209_recompress.jpg,1,recompress,190,116,258,149,train
tamp_12341041_retype.jpg,1,retype,197,83,260,102,train
auth_12340111.jpg,0,none,,,,,train
auth_12341834.jpg,0,none,,,,,train
tamp_12341980_splice.jpg,1,splice,196,82,280,103,train
auth_12340135.jpg,0,none,,,,,train
tamp_12341074_copy_move.jpg,1,copy_move,198,84,285,101,train
auth_12341801.jpg,0,none,,,,,train
tamp_12341723_recompress.jpg,1,recompress,190,156,317,190,train
tamp_12340622_recompress.jpg,1,recompress,190,76,262,109,train
tamp_12340053_splice.jpg,1,splice,196,122,267,143,train
tamp_12341004_splice.jpg,1,splice,195,242,297,266,train
auth_12340416.jpg,0,none,,,,,train
auth_12340802.jpg,0,none,,,,,train
auth_12341309.jpg,0,none,,,,,train
auth_12341692.jpg,0,none,,,,,train
auth_12340464.jpg,0,none,,,,,train
tamp_12341331_retype.jpg,1,retype,197,203,214,222,train
tamp_12340597_retype.jpg,1,retype,197,323,256,343,train
auth_12341197.jpg,0,none,,,,,train
tamp_12341984_splice.jpg,1,splice,196,322,257,344,train
tamp_12340628_recompress.jpg,1,recompress,190,236,311,269,train
auth_12340363.jpg,0,none,,,,,train
tamp_12340281_retype.jpg,1,retype,197,83,264,102,train
tamp_12340955_retype.jpg,1,retype,197,203,214,222,train
tamp_12340494_splice.jpg,1,splice,196,322,257,344,train
auth_12340611.jpg,0,none,,,,,train
auth_12341934.jpg,0,none,,,,,train
auth_12340170.jpg,0,none,,,,,train
tamp_12340806_splice.jpg,1,splice,196,122,264,143,train
auth_12341097.jpg,0,none,,,,,train
auth_12341853.jpg,0,none,,,,,train
tamp_12340793_copy_move.jpg,1,copy_move,198,204,213,221,train
auth_12340339.jpg,0,none,,,,,train
auth_12340155.jpg,0,none,,,,,train
auth_12341021.jpg,0,none,,,,,train
tamp_12340964_retype.jpg,1,retype,197,123,260,142,train
tamp_12341658_splice.jpg,1,splice,196,242,281,263,train
tamp_12341774_recompress.jpg,1,recompress,190,116,262,149,train
tamp_12340101_copy_move.jpg,1,copy_move,198,84,279,101,train
auth_12341163.jpg,0,none,,,,,train
auth_12340317.jpg,0,none,,,,,train
tamp_12340651_recompress.jpg,1,recompress,190,196,221,229,train
auth_12340375.jpg,0,none,,,,,train
auth_12341835.jpg,0,none,,,,,train
tamp_12341310_recompress.jpg,1,recompress,190,316,263,350,train
auth_12341421.jpg,0,none,,,,,train
auth_12340966.jpg,0,none,,,,,train
tamp_12341434_recompress.jpg,1,recompress,190,76,265,109,train
auth_12340844.jpg,0,none,,,,,train
auth_12340193.jpg,0,none,,,,,train
auth_12341251.jpg,0,none,,,,,train
auth_12341950.jpg,0,none,,,,,train
auth_12340100.jpg,0,none,,,,,train
auth_12340265.jpg,0,none,,,,,train
tamp_12341976_copy_move.jpg,1,copy_move,198,164,309,182,train
auth_12341636.jpg,0,none,,,,,train
tamp_12340619_recompress.jpg,1,recompress,190,156,317,190,train
auth_12341092.jpg,0,none,,,,,train
auth_12341611.jpg,0,none,,,,,train
auth_12341610.jpg,0,none,,,,,train
auth_12340254.jpg,0,none,,,,,train
auth_12340263.jpg,0,none,,,,,train
tamp_12340681_retype.jpg,1,retype,197,323,256,343,train
tamp_12341839_recompress.jpg,1,recompress,190,236,293,269,train
auth_12340553.jpg,0,none,,,,,train
tamp_12341674_splice.jpg,1,splice,196,202,215,223,train
tamp_12341344_recompress.jpg,1,recompress,189,236,303,272,train
tamp_12341692_retype.jpg,1,retype,197,323,256,343,train
tamp_12341583_splice.jpg,1,splice,196,82,256,103,train
auth_12341352.jpg,0,none,,,,,train
auth_12341513.jpg,0,none,,,,,train
auth_12340616.jpg,0,none,,,,,train
tamp_12341079_splice.jpg,1,splice,196,122,267,143,train
auth_12341879.jpg,0,none,,,,,train
auth_12340805.jpg,0,none,,,,,train
tamp_12340738_splice.jpg,1,splice,196,82,282,103,train
tamp_12340283_recompress.jpg,1,recompress,190,76,287,109,train
tamp_12341182_copy_move.jpg,1,copy_move,198,204,219,221,train
tamp_12340373_recompress.jpg,1,recompress,190,316,263,350,train
tamp_12341592_retype.jpg,1,retype,197,243,304,262,train
tamp_12341888_retype.jpg,1,retype,197,323,256,343,train
auth_12341446.jpg,0,none,,,,,train
auth_12340450.jpg,0,none,,,,,train
tamp_12340961_copy_move.jpg,1,copy_move,198,284,358,301,train
tamp_12340986_splice.jpg,1,splice,196,242,299,263,train
auth_12341549.jpg,0,none,,,,,train
auth_12341750.jpg,0,none,,,,,train
auth_12340162.jpg,0,none,,,,,train
tamp_12340140_splice.jpg,1,splice,196,122,264,143,train
tamp_12341295_retype.jpg,1,retype,197,283,359,302,train
tamp_12340158_copy_move.jpg,1,copy_move,198,124,258,141,train
tamp_12341131_splice.jpg,1,splice,196,282,360,303,train
tamp_12341473_copy_move.jpg,1,copy_move,198,84,276,101,train
tamp_12340343_splice.jpg,1,splice,196,322,257,344,train
auth_12341195.jpg,0,none,,,,,train
tamp_12340379_recompress.jpg,1,recompress,190,116,257,149,train
auth_12341237.jpg,0,none,,,,,train
auth_12341330.jpg,0,none,,,,,train
auth_12340759.jpg,0,none,,,,,train
auth_12341634.jpg,0,none,,,,,train
tamp_12340702_recompress.jpg,1,recompress,190,316,263,350,train
auth_12340876.jpg,0,none,,,,,train
tamp_12340555_retype.jpg,1,retype,197,283,359,302,train
tamp_12341340_copy_move.jpg,1,copy_move,198,284,358,301,train
tamp_12341156_copy_move.jpg,1,copy_move,198,284,358,301,train
auth_12340173.jpg,0,none,,,,,train
tamp_12341062_splice.jpg,1,splice,196,282,360,303,train
auth_12341241.jpg,0,none,,,,,train
auth_12341991.jpg,0,none,,,,,train
tamp_12340120_copy_move.jpg,1,copy_move,198,284,358,301,train
tamp_12341122_recompress.jpg,1,recompress,190,156,317,190,train
auth_12341024.jpg,0,none,,,,,train
tamp_12340859_recompress.jpg,1,recompress,190,236,287,269,train
auth_12340796.jpg,0,none,,,,,train
auth_12341812.jpg,0,none,,,,,train
tamp_12341390_retype.jpg,1,retype,197,83,255,102,train
tamp_12340522_splice.jpg,1,splice,196,282,360,303,train
tamp_12341067_splice.jpg,1,splice,196,322,257,344,train
auth_12340183.jpg,0,none,,,,,train
tamp_12340407_recompress.jpg,1,recompress,190,116,262,149,train
tamp_12341485_copy_move.jpg,1,copy_move,198,204,219,221,train
tamp_12341102_splice.jpg,1,splice,196,122,263,143,train
tamp_12341425_retype.jpg,1,retype,197,283,359,302,train
auth_12341509.jpg,0,none,,,,,train
auth_12341763.jpg,0,none,,,,,train
tamp_12340984_recompress.jpg,1,recompress,190,276,366,309,train
auth_12340538.jpg,0,none,,,,,train
auth_12341712.jpg,0,none,,,,,train
tamp_12341106_splice.jpg,1,splice,196,282,360,303,train
auth_12340994.jpg,0,none,,,,,train
tamp_12341252_splice.jpg,1,splice,196,282,360,303,train
tamp_12341514_recompress.jpg,1,recompress,190,316,263,350,train
tamp_12340719_copy_move.jpg,1,copy_move,197,124,251,144,train
tamp_12341803_splice.jpg,1,splice,196,202,215,223,train
tamp_12341174_retype.jpg,1,retype,197,243,298,262,train
tamp_12341829_retype.jpg,1,retype,197,243,304,262,train
auth_12340278.jpg,0,none,,,,,train
tamp_12340315_splice.jpg,1,splice,196,322,257,344,train
auth_12341908.jpg,0,none,,,,,train
tamp_12341853_splice.jpg,1,splice,196,162,311,184,train
auth_12341179.jpg,0,none,,,,,train
tamp_12340480_retype.jpg,1,retype,197,283,359,302,train
tamp_12340400_recompress.jpg,1,recompress,190,76,262,109,train
auth_12341836.jpg,0,none,,,,,train
auth_12340456.jpg,0,none,,,,,train
tamp_12340075_copy_move.jpg,1,copy_move,198,164,309,182,train
auth_12340200.jpg,0,none,,,,,train
tamp_12340384_retype.jpg,1,retype,197,163,310,183,train
tamp_12341691_splice.jpg,1,splice,196,242,281,263,train
tamp_12341474_splice.jpg,1,splice,196,322,257,344,train
auth_12341340.jpg,0,none,,,,,train
auth_12340804.jpg,0,none,,,,,train
auth_12340471.jpg,0,none,,,,,train
auth_12341087.jpg,0,none,,,,,train
tamp_12341451_retype.jpg,1,retype,197,163,310,183,train
auth_12340841.jpg,0,none,,,,,train
auth_12341745.jpg,0,none,,,,,train
auth_12340794.jpg,0,none,,,,,train
tamp_12341502_recompress.jpg,1,recompress,190,156,317,190,train
tamp_12340397_splice.jpg,1,splice,196,242,272,263,train
tamp_12341377_recompress.jpg,1,recompress,190,316,263,350,train
auth_12341746.jpg,0,none,,,,,train
tamp_12341031_splice.jpg,1,splice,196,162,311,184,train
tamp_12340011_splice.jpg,1,splice,196,322,257,344,train
auth_12340993.jpg,0,none,,,,,train
auth_12341839.jpg,0,none,,,,,train
tamp_12341907_splice.jpg,1,splice,196,122,263,143,train
tamp_12341280_retype.jpg,1,retype,197,283,359,302,train
tamp_12340109_copy_move.jpg,1,copy_move,197,124,251,144,train
tamp_12340884_copy_move.jpg,1,copy_move,198,164,309,182,train
auth_12341857.jpg,0,none,,,,,train
auth_12340207.jpg,0,none,,,,,train
tamp_12340251_copy_move.jpg,1,copy_move,198,324,255,342,train
auth_12341869.jpg,0,none,,,,,train
tamp_12341683_retype.jpg,1,retype,197,203,220,222,train
tamp_12340459_retype.jpg,1,retype,197,123,265,142,train
auth_12341366.jpg,0,none,,,,,train
tamp_12340107_retype.jpg,1,retype,197,203,220,222,train
tamp_12340500_splice.jpg,1,splice,196,322,257,344,train
auth_12341560.jpg,0,none,,,,,train
tamp_12341133_copy_move.jpg,1,copy_move,198,244,297,261,train
auth_12340650.jpg,0,none,,,,,train
tamp_12341965_recompress.jpg,1,recompress,190,236,287,269,train
auth_12341538.jpg,0,none,,,,,train
auth_12341674.jpg,0,none,,,,,train
auth_12340227.jpg,0,none,,,,,train
tamp_12340711_splice.jpg,1,splice,196,82,265,103,train
auth_12340764.jpg,0,none,,,,,train
tamp_12340973_splice.jpg,1,splice,196,202,221,223,train
tamp_12341841_recompress.jpg,1,recompress,190,116,262,149,train
tamp_12340470_splice.jpg,1,splice,196,162,311,184,train
auth_12340182.jpg,0,none,,,,,train
auth_12341268.jpg,0,none,,,,,train
tamp_12340787_copy_move.jpg,1,copy_move,198,284,358,301,train
auth_12340008.jpg,0,none,,,,,train
tamp_12341398_recompress.jpg,1,recompress,190,316,263,350,train
auth_12341080.jpg,0,none,,,,,train
tamp_12340633_splice.jpg,1,splice,196,162,311,184,train
auth_12341846.jpg,0,none,,,,,train
auth_12341872.jpg,0,none,,,,,train
auth_12340440.jpg,0,none,,,,,train
tamp_12340123_retype.jpg,1,retype,197,283,359,302,train
auth_12341207.jpg,0,none,,,,,train
tamp_12340603_copy_move.jpg,1,copy_move,198,204,219,221,train
tamp_12341967_copy_move.jpg,1,copy_move,198,124,258,141,train
tamp_12341871_splice.jpg,1,splice,196,162,311,184,train
auth_12340461.jpg,0,none,,,,,train
tamp_12340879_copy_move.jpg,1,copy_move,197,124,251,144,train
auth_12340974.jpg,0,none,,,,,train
auth_12340719.jpg,0,none,,,,,train
tamp_12341479_splice.jpg,1,splice,196,322,257,344,train
tamp_12341104_recompress.jpg,1,recompress,190,156,317,190,train
auth_12340578.jpg,0,none,,,,,train
tamp_12340155_copy_move.jpg,1,copy_move,198,84,274,101,train
auth_12341502.jpg,0,none,,,,,train
tamp_12340979_copy_move.jpg,1,copy_move,198,244,304,261,train
tamp_12340300_retype.jpg,1,retype,197,283,359,302,train
tamp_12340804_splice.jpg,1,splice,196,322,257,344,train
tamp_12341083_recompress.jpg,1,recompress,190,236,287,269,train
auth_12340369.jpg,0,none,,,,,train
auth_12341434.jpg,0,none,,,,,train
auth_12340603.jpg,0,none,,,,,train
tamp_12340618_copy_move.jpg,1,copy_move,198,244,285,261,train
auth_12341389.jpg,0,none,,,,,train
tamp_12341941_splice.jpg,1,splice,196,122,263,143,train
tamp_12340521_copy_move.jpg,1,copy_move,198,244,297,261,train
auth_12340141.jpg,0,none,,,,,train
auth_12341722.jpg,0,none,,,,,train
tamp_12341468_splice.jpg,1,splice,196,82,259,103,train
tamp_12340820_splice.jpg,1,splice,196,282,360,303,train
auth_12340828.jpg,0,none,,,,,train
tamp_12341066_copy_move.jpg,1,copy_move,198,164,309,182,train
tamp_12341626_splice.jpg,1,splice,196,242,326,263,train
tamp_12341504_copy_move.jpg,1,copy_move,198,244,290,261,train
tamp_12341266_retype.jpg,1,retype,197,283,359,302,train
tamp_12341316_retype.jpg,1,retype,197,203,220,222,train
auth_12340231.jpg,0,none,,,,,train
auth_12341069.jpg,0,none,,,,,train
tamp_12341680_retype.jpg,1,retype,197,283,359,302,train
tamp_12340918_retype.jpg,1,retype,197,283,359,302,train
auth_12341020.jpg,0,none,,,,,train
auth_12341698.jpg,0,none,,,,,train
tamp_12340278_splice.jpg,1,splice,196,202,221,223,train
auth_12341048.jpg,0,none,,,,,train
tamp_12341512_copy_move.jpg,1,copy_move,198,284,358,301,train
auth_12341640.jpg,0,none,,,,,train
auth_12341223.jpg,0,none,,,,,train
auth_12341317.jpg,0,none,,,,,train
tamp_12340878_splice.jpg,1,splice,195,242,297,266,train
tamp_12341012_retype.jpg,1,retype,197,323,256,343,train
auth_12340855.jpg,0,none,,,,,train
auth_12341947.jpg,0,none,,,,,train
tamp_12340941_recompress.jpg,1,recompress,190,156,317,190,train
tamp_12341358_recompress.jpg,1,recompress,190,76,271,109,train
auth_12341301.jpg,0,none,,,,,train
tamp_12340221_splice.jpg,1,splice,196,82,261,103,train
tamp_12340915_copy_move.jpg,1,copy_move,197,124,251,144,train
tamp_12340442_copy_move.jpg,1,copy_move,198,324,255,342,train
tamp_12340656_splice.jpg,1,splice,196,122,263,143,train
auth_12341194.jpg,0,none,,,,,train
auth_12340322.jpg,0,none,,,,,train
tamp_12341747_retype.jpg,1,retype,197,323,256,343,train
auth_12341404.jpg,0,none,,,,,train
auth_12341673.jpg,0,none,,,,,train
auth_12340097.jpg,0,none,,,,,train
auth_12341568.jpg,0,none,,,,,train
tamp_12340594_splice.jpg,1,splice,196,82,287,103,train
tamp_12341265_splice.jpg,1,splice,196,242,299,263,train
tamp_12340124_copy_move.jpg,1,copy_move,198,164,309,182,train
tamp_12340257_retype.jpg,1,retype,197,203,214,222,train
tamp_12340653_splice.jpg,1,splice,196,122,267,143,train
auth_12341473.jpg,0,none,,,,,train
tamp_12341973_splice.jpg,1,splice,196,162,311,184,train
tamp_12341739_copy_move.jpg,1,copy_move,198,124,258,141,train
tamp_12340023_copy_move.jpg,1,copy_move,198,124,238,141,train
auth_12341778.jpg,0,none,,,,,train
auth_12340864.jpg,0,none,,,,,train
auth_12341460.jpg,0,none,,,,,train
tamp_12340810_splice.jpg,1,splice,196,322,257,344,train
tamp_12341603_splice.jpg,1,splice,196,282,360,303,train
auth_12341779.jpg,0,none,,,,,train
tamp_12341399_copy_move.jpg,1,copy_move,198,244,297,261,train
auth_12340850.jpg,0,none,,,,,train
tamp_12340658_splice.jpg,1,splice,196,162,311,184,train
tamp_12341426_retype.jpg,1,retype,197,243,291,262,train
tamp_12341309_splice.jpg,1,splice,196,162,311,184,train
tamp_12340536_recompress.jpg,1,recompress,190,116,252,149,train
tamp_12341924_splice.jpg,1,splice,196,242,272,263,train
tamp_12340690_recompress.jpg,1,recompress,190,276,366,309,train
auth_12340477.jpg,0,none,,,,,train
tamp_12340433_recompress.jpg,1,recompress,190,236,311,269,train
tamp_12341521_copy_move.jpg,1,copy_move,198,124,272,141,train
auth_12340475.jpg,0,none,,,,,train
auth_12341184.jpg,0,none,,,,,train
auth_12340638.jpg,0,none,,,,,train
tamp_12340829_recompress.jpg,1,recompress,190,156,317,190,train
auth_12341550.jpg,0,none,,,,,train
auth_12340457.jpg,0,none,,,,,train
tamp_12340033_copy_move.jpg,1,copy_move,198,164,309,182,train
tamp_12341262_copy_move.jpg,1,copy_move,198,244,304,261,train
tamp_12340009_splice.jpg,1,splice,196,82,259,103,train
auth_12340836.jpg,0,none,,,,,train
auth_12341987.jpg,0,none,,,,,train
auth_12340081.jpg,0,none,,,,,train
auth_12340194.jpg,0,none,,,,,train
tamp_12341998_splice.jpg,1,splice,196,82,281,103,train
tamp_12340542_retype.jpg,1,retype,197,283,359,302,train
auth_12341485.jpg,0,none,,,,,train
auth_12340863.jpg,0,none,,,,,train
tamp_12340530_splice.jpg,1,splice,196,202,221,223,train
auth_12341053.jpg,0,none,,,,,train
auth_12341632.jpg,0,none,,,,,train
auth_12340666.jpg,0,none,,,,,train
tamp_12340965_recompress.jpg,1,recompress,190,316,263,350,train
tamp_12341638_splice.jpg,1,splice,196,82,256,103,train
tamp_12341356_copy_move.jpg,1,copy_move,198,84,279,101,train
auth_12340748.jpg,0,none,,,,,train
auth_12340126.jpg,0,none,,,,,train
tamp_12341889_copy_move.jpg,1,copy_move,198,244,279,261,train
auth_12341785.jpg,0,none,,,,,train
auth_12340924.jpg,0,none,,,,,train
tamp_12340737_recompress.jpg,1,recompress,190,116,252,149,train
auth_12340122.jpg,0,none,,,,,train
tamp_12341961_retype.jpg,1,retype,197,283,359,302,train
tamp_12340227_copy_move.jpg,1,copy_move,198,204,213,221,train
auth_12341136.jpg,0,none,,,,,train
tamp_12340731_retype.jpg,1,retype,197,83,258,102,train
tamp_12341696_retype.jpg,1,retype,197,323,256,343,train
tamp_12341597_splice.jpg,1,splice,196,282,360,303,train
tamp_12341600_copy_move.jpg,1,copy_move,198,244,290,261,train
auth_12340741.jpg,0,none,,,,,train
tamp_12341235_splice.jpg,1,splice,196,282,360,303,train
auth_12341183.jpg,0,none,,,,,train
tamp_12341608_recompress.jpg,1,recompress,190,76,280,109,train
auth_12341467.jpg,0,none,,,,,train
tamp_12341645_retype.jpg,1,retype,197,323,256,343,train
auth_12341361.jpg,0,none,,,,,train
auth_12340284.jpg,0,none,,,,,train
auth_12340192.jpg,0,none,,,,,train
auth_12341407.jpg,0,none,,,,,train
auth_12341921.jpg,0,none,,,,,train
tamp_12340314_copy_move.jpg,1,copy_move,198,204,219,221,train
auth_12340834.jpg,0,none,,,,,train
auth_12340467.jpg,0,none,,,,,train
tamp_12341024_copy_move.jpg,1,copy_move,198,84,279,101,train
tamp_12341914_retype.jpg,1,retype,197,203,214,222,train
auth_12340674.jpg,0,none,,,,,train
tamp_12341730_copy_move.jpg,1,copy_move,198,324,255,342,train
auth_12340334.jpg,0,none,,,,,train
auth_12340121.jpg,0,none,,,,,train
auth_12341027.jpg,0,none,,,,,train
tamp_12340045_splice.jpg,1,splice,196,322,257,344,train
auth_12341850.jpg,0,none,,,,,train
auth_12341713.jpg,0,none,,,,,train
tamp_12341042_copy_move.jpg,1,copy_move,198,324,255,342,train
auth_12341401.jpg,0,none,,,,,train
auth_12340144.jpg,0,none,,,,,train
auth_12341833.jpg,0,none,,,,,train
tamp_12341745_splice.jpg,1,splice,196,162,311,184,train
tamp_12340179_copy_move.jpg,1,copy_move,198,164,309,182,train
tamp_12340989_recompress.jpg,1,recompress,190,76,286,109,train
tamp_12341111_splice.jpg,1,splice,196,282,360,303,train
auth_12340410.jpg,0,none,,,,,train
auth_12341954.jpg,0,none,,,,,train
auth_12341266.jpg,0,none,,,,,train
auth_12340683.jpg,0,none,,,,,train
tamp_12341236_retype.jpg,1,retype,197,323,256,343,train
auth_12341742.jpg,0,none,,,,,train
auth_12341157.jpg,0,none,,,,,train
auth_12340469.jpg,0,none,,,,,train
auth_12340776.jpg,0,none,,,,,train
auth_12340007.jpg,0,none,,,,,train
tamp_12341329_retype.jpg,1,retype,196,123,248,142,train
tamp_12341153_recompress.jpg,1,recompress,190,316,263,350,train
auth_12341984.jpg,0,none,,,,,train
tamp_12340239_splice.jpg,1,splice,196,162,311,184,train
tamp_12340750_copy_move.jpg,1,copy_move,198,204,213,221,train
tamp_12341733_recompress.jpg,1,recompress,190,196,221,229,train
auth_12341956.jpg,0,none,,,,,train
tamp_12341884_copy_move.jpg,1,copy_move,197,124,251,144,train
tamp_12340312_retype.jpg,1,retype,197,163,310,183,train
tamp_12341843_recompress.jpg,1,recompress,190,156,317,190,train
tamp_12341282_splice.jpg,1,splice,196,202,221,223,train
auth_12340592.jpg,0,none,,,,,train
tamp_12341069_copy_move.jpg,1,copy_move,198,324,255,342,train
auth_12340930.jpg,0,none,,,,,train
tamp_12341110_retype.jpg,1,retype,197,243,286,262,train
tamp_12340660_recompress.jpg,1,recompress,190,76,267,109,train
auth_12341387.jpg,0,none,,,,,train
auth_12340236.jpg,0,none,,,,,train
tamp_12341503_recompress.jpg,1,recompress,190,156,317,190,train
auth_12340865.jpg,0,none,,,,,train
auth_12341849.jpg,0,none,,,,,train
auth_12340485.jpg,0,none,,,,,train
auth_12340946.jpg,0,none,,,,,train
auth_12341075.jpg,0,none,,,,,train
auth_12341073.jpg,0,none,,,,,train
auth_12341447.jpg,0,none,,,,,train
auth_12340140.jpg,0,none,,,,,train
auth_12341005.jpg,0,none,,,,,train
auth_12340238.jpg,0,none,,,,,train
tamp_12341806_splice.jpg,1,splice,196,202,221,223,train
tamp_12340644_recompress.jpg,1,recompress,190,156,317,190,train
auth_12340826.jpg,0,none,,,,,train
tamp_12341654_retype.jpg,1,retype,197,163,310,183,train
tamp_12340774_retype.jpg,1,retype,197,283,359,302,train
auth_12341936.jpg,0,none,,,,,train
auth_12340054.jpg,0,none,,,,,train
auth_12341710.jpg,0,none,,,,,train
tamp_12341107_recompress.jpg,1,recompress,190,276,366,309,train
auth_12341172.jpg,0,none,,,,,train
tamp_12340667_recompress.jpg,1,recompress,190,236,312,269,train
auth_12340763.jpg,0,none,,,,,train
tamp_12340389_recompress.jpg,1,recompress,190,156,317,190,train
tamp_12341752_recompress.jpg,1,recompress,190,156,317,190,train
tamp_12340665_copy_move.jpg,1,copy_move,198,284,358,301,train
auth_12340448.jpg,0,none,,,,,train
tamp_12340082_recompress.jpg,1,recompress,190,76,244,109,train
tamp_12340562_copy_move.jpg,1,copy_move,197,244,295,264,train
auth_12341368.jpg,0,none,,,,,train
auth_12341685.jpg,0,none,,,,,train
tamp_12341092_retype.jpg,1,retype,197,83,273,102,train
tamp_12340439_recompress.jpg,1,recompress,190,316,263,350,train
auth_12340906.jpg,0,none,,,,,train
auth_12340879.jpg,0,none,,,,,train
auth_12341721.jpg,0,none,,,,,train
tamp_12341244_retype.jpg,1,retype,197,323,256,343,train
tamp_12341762_recompress.jpg,1,recompress,190,316,263,350,train
auth_12340374.jpg,0,none,,,,,train
auth_12340502.jpg,0,none,,,,,train
tamp_12341002_splice.jpg,1,splice,196,82,287,103,train
tamp_12340890_splice.jpg,1,splice,196,242,292,263,train
tamp_12341955_retype.jpg,1,retype,196,123,248,142,train
tamp_12341526_recompress.jpg,1,recompress,190,76,262,109,train
tamp_12341554_recompress.jpg,1,recompress,190,316,263,350,train
tamp_12340611_splice.jpg,1,splice,196,202,215,223,train
tamp_12340553_copy_move.jpg,1,copy_move,198,204,219,221,train
auth_12341095.jpg,0,none,,,,,train
auth_12340340.jpg,0,none,,,,,train
auth_12340499.jpg,0,none,,,,,train
auth_12341185.jpg,0,none,,,,,train
tamp_12340803_splice.jpg,1,splice,196,322,257,344,train
tamp_12340595_splice.jpg,1,splice,196,162,311,184,train
auth_12341102.jpg,0,none,,,,,train
auth_12340857.jpg,0,none,,,,,train
auth_12341810.jpg,0,none,,,,,train
tamp_12340673_copy_move.jpg,1,copy_move,198,124,258,141,train
tamp_12340873_retype.jpg,1,retype,197,123,260,142,train
auth_12341666.jpg,0,none,,,,,train
auth_12340859.jpg,0,none,,,,,train
tamp_12341044_recompress.jpg,1,recompress,190,196,221,229,train
auth_12340160.jpg,0,none,,,,,train
auth_12340470.jpg,0,none,,,,,train
auth_12341669.jpg,0,none,,,,,train
auth_12341316.jpg,0,none,,,,,train
auth_12341955.jpg,0,none,,,,,train
tamp_12341802_splice.jpg,1,splice,196,282,360,303,train
auth_12340063.jpg,0,none,,,,,train
auth_12341261.jpg,0,none,,,,,train
auth_12340867.jpg,0,none,,,,,train
tamp_12340355_copy_move.jpg,1,copy_move,198,324,255,342,train
tamp_12341714_recompress.jpg,1,recompress,190,196,221,229,train
auth_12340190.jpg,0,none,,,,,train
auth_12341655.jpg,0,none,,,,,train
auth_12341166.jpg,0,none,,,,,train
tamp_12341288_splice.jpg,1,splice,196,82,282,103,train
tamp_12341819_copy_move.jpg,1,copy_move,198,244,285,261,train
tamp_12341524_recompress.jpg,1,recompress,190,316,263,350,train
tamp_12341144_recompress.jpg,1,recompress,190,236,293,269,train
tamp_12340065_splice.jpg,1,splice,196,82,276,103,train
auth_12341719.jpg,0,none,,,,,train
tamp_12341684_splice.jpg,1,splice,196,322,257,344,train
tamp_12341735_recompress.jpg,1,recompress,190,116,252,149,train
auth_12341081.jpg,0,none,,,,,train
tamp_12341100_recompress.jpg,1,recompress,190,76,282,109,train
auth_12341419.jpg,0,none,,,,,train
auth_12341518.jpg,0,none,,,,,train
auth_12341971.jpg,0,none,,,,,train
tamp_12341380_copy_move.jpg,1,copy_move,198,324,255,342,train
auth_12341064.jpg,0,none,,,,,train
auth_12341874.jpg,0,none,,,,,train
tamp_12341621_splice.jpg,1,splice,195,242,297,266,train
auth_12341707.jpg,0,none,,,,,train
auth_12341343.jpg,0,none,,,,,train
tamp_12341635_retype.jpg,1,retype,197,323,256,343,train
tamp_12341773_recompress.jpg,1,recompress,190,76,262,109,train
auth_12340049.jpg,0,none,,,,,train
auth_12341605.jpg,0,none,,,,,train
auth_12340560.jpg,0,none,,,,,train
tamp_12341875_retype.jpg,1,retype,197,83,280,102,train
tamp_12341379_recompress.jpg,1,recompress,190,236,305,269,train
auth_12340617.jpg,0,none,,,,,train
auth_12340830.jpg,0,none,,,,,train
auth_12340366.jpg,0,none,,,,,train
tamp_12341712_recompress.jpg,1,recompress,190,116,262,149,train
tamp_12341049_splice.jpg,1,splice,196,242,287,263,train
auth_12341451.jpg,0,none,,,,,train
auth_12340869.jpg,0,none,,,,,train
tamp_12341332_copy_move.jpg,1,copy_move,198,84,236,101,train
auth_12340430.jpg,0,none,,,,,train
auth_12341726.jpg,0,none,,,,,train
tamp_12341064_recompress.jpg,1,recompress,190,236,311,269,train
tamp_12341869_recompress.jpg,1,recompress,190,196,221,229,train
tamp_12341372_retype.jpg,1,retype,197,283,359,302,train
auth_12340852.jpg,0,none,,,,,train
auth_12341577.jpg,0,none,,,,,train
tamp_12341105_copy_move.jpg,1,copy_move,198,164,309,182,train
tamp_12341574_splice.jpg,1,splice,196,162,311,184,train
auth_12340314.jpg,0,none,,,,,train
tamp_12340095_retype.jpg,1,retype,196,123,248,142,train
tamp_12341708_recompress.jpg,1,recompress,190,196,221,229,train
auth_12340964.jpg,0,none,,,,,train
tamp_12341927_splice.jpg,1,splice,196,122,263,143,train
tamp_12341737_splice.jpg,1,splice,196,82,274,103,train
tamp_12340477_copy_move.jpg,1,copy_move,198,284,358,301,train
auth_12341380.jpg,0,none,,,,,train
auth_12341475.jpg,0,none,,,,,train
tamp_12341985_copy_move.jpg,1,copy_move,197,124,251,144,train
auth_12341392.jpg,0,none,,,,,train
auth_12340348.jpg,0,none,,,,,train
auth_12340691.jpg,0,none,,,,,train
auth_12340583.jpg,0,none,,,,,train
auth_12341931.jpg,0,none,,,,,train
tamp_12341881_splice.jpg,1,splice,196,162,311,184,train
auth_12340702.jpg,0,none,,,,,train
tamp_12341088_copy_move.jpg,1,copy_move,197,124,251,144,train
tamp_12340463_splice.jpg,1,splice,196,322,257,344,train
tamp_12340875_copy_move.jpg,1,copy_move,198,324,255,342,train
tamp_12341260_retype.jpg,1,retype,197,323,256,343,train
auth_12340004.jpg,0,none,,,,,train
auth_12340359.jpg,0,none,,,,,train
auth_12341594.jpg,0,none,,,,,train
auth_12340883.jpg,0,none,,,,,train
auth_12340800.jpg,0,none,,,,,train
auth_12341271.jpg,0,none,,,,,train
tamp_12340852_retype.jpg,1,retype,197,163,310,183,train
auth_12341586.jpg,0,none,,,,,train
auth_12341354.jpg,0,none,,,,,train
tamp_12341094_splice.jpg,1,splice,196,322,257,344,train
auth_12341181.jpg,0,none,,,,,train
auth_12341292.jpg,0,none,,,,,train
auth_12341466.jpg,0,none,,,,,train
tamp_12340054_splice.jpg,1,splice,196,242,306,263,train
auth_12340118.jpg,0,none,,,,,train
tamp_12341298_recompress.jpg,1,recompress,190,276,366,309,train
tamp_12340345_splice.jpg,1,splice,196,122,263,143,train
tamp_12341352_recompress.jpg,1,recompress,190,236,305,269,train
auth_12340185.jpg,0,none,,,,,train
tamp_12340998_retype.jpg,1,retype,197,283,359,302,train
auth_12340277.jpg,0,none,,,,,train
tamp_12341395_recompress.jpg,1,recompress,190,156,317,190,train
auth_12340843.jpg,0,none,,,,,train
tamp_12341519_retype.jpg,1,retype,197,203,214,222,train
auth_12340706.jpg,0,none,,,,,train
auth_12340247.jpg,0,none,,,,,train
auth_12341975.jpg,0,none,,,,,train
auth_12340427.jpg,0,none,,,,,train
tamp_12341969_retype.jpg,1,retype,197,83,237,102,train
auth_12341867.jpg,0,none,,,,,train
auth_12341795.jpg,0,none,,,,,train
auth_12341290.jpg,0,none,,,,,train
auth_12340022.jpg,0,none,,,,,train
tamp_12341155_copy_move.jpg,1,copy_move,198,324,255,342,train
auth_12340292.jpg,0,none,,,,,train
tamp_12341427_copy_move.jpg,1,copy_move,198,244,279,261,train
tamp_12340659_recompress.jpg,1,recompress,190,156,317,190,train
tamp_12341109_retype.jpg,1,retype,197,163,310,183,train
tamp_12340866_copy_move.jpg,1,copy_move,198,84,257,101,train
auth_12340785.jpg,0,none,,,,,train
auth_12340031.jpg,0,none,,,,,train
tamp_12340228_splice.jpg,1,splice,196,202,215,223,train
tamp_12341676_copy_move.jpg,1,copy_move,198,84,276,101,train
tamp_12341999_splice.jpg,1,splice,196,282,360,303,train
auth_12340979.jpg,0,none,,,,,train
auth_12341887.jpg,0,none,,,,,train
tamp_12340545_copy_move.jpg,1,copy_move,198,164,309,182,train
tamp_12341710_copy_move.jpg,1,copy_move,198,164,309,182,train
auth_12340921.jpg,0,none,,,,,train
auth_12340212.jpg,0,none,,,,,train
auth_12340861.jpg,0,none,,,,,train
auth_12341871.jpg,0,none,,,,,train
tamp_12341855_splice.jpg,1,splice,196,322,257,344,train
auth_12341198.jpg,0,none,,,,,train
tamp_12341911_splice.jpg,1,splice,196,242,305,263,train
tamp_12340321_recompress.jpg,1,recompress,190,156,317,190,train
auth_12341602.jpg,0,none,,,,,train
tamp_12341483_splice.jpg,1,splice,196,322,257,344,train
auth_12340806.jpg,0,none,,,,,train
tamp_12340113_splice.jpg,1,splice,196,82,256,103,train
tamp_12340103_copy_move.jpg,1,copy_move,198,324,255,342,train
auth_12340636.jpg,0,none,,,,,train
auth_12340835.jpg,0,none,,,,,train
auth_12341735.jpg,0,none,,,,,train
tamp_12340745_copy_move.jpg,1,copy_move,198,204,213,221,train
tamp_12341339_copy_move.jpg,1,copy_move,198,164,309,182,train
tamp_12341921_copy_move.jpg,1,copy_move,198,84,257,101,train
auth_12341808.jpg,0,none,,,,,train
tamp_12341649_retype.jpg,1,retype,197,83,286,102,train
tamp_12341522_splice.jpg,1,splice,196,122,264,143,train
auth_12340640.jpg,0,none,,,,,train
auth_12341100.jpg,0,none,,,,,train
tamp_12340876_copy_move.jpg,1,copy_move,198,244,303,261,train
tamp_12341016_copy_move.jpg,1,copy_move,198,164,309,182,train
auth_12341098.jpg,0,none,,,,,train
auth_12340893.jpg,0,none,,,,,train
auth_12341633.jpg,0,none,,,,,train
auth_12340484.jpg,0,none,,,,,train
tamp_12341860_copy_move.jpg,1,copy_move,198,244,324,261,train
auth_12341980.jpg,0,none,,,,,train
tamp_12341036_copy_move.jpg,1,copy_move,198,284,358,301,train
auth_12341450.jpg,0,none,,,,,train
auth_12340641.jpg,0,none,,,,,train
auth_12340523.jpg,0,none,,,,,train
tamp_12341685_splice.jpg,1,splice,196,282,360,303,train
tamp_12341355_splice.jpg,1,splice,195,242,297,266,train
tamp_12340391_copy_move.jpg,1,copy_move,198,164,309,182,train
tamp_12341749_splice.jpg,1,splice,196,122,263,143,train
tamp_12340830_recompress.jpg,1,recompress,190,76,267,109,train
tamp_12341243_splice.jpg,1,splice,196,122,263,143,train
tamp_12341794_recompress.jpg,1,recompress,190,116,252,149,train
auth_12340782.jpg,0,none,,,,,train
tamp_12341601_retype.jpg,1,retype,197,83,281,102,train
tamp_12340885_splice.jpg,1,splice,196,242,326,263,train
tamp_12341388_splice.jpg,1,splice,196,162,311,184,train
tamp_12341713_splice.jpg,1,splice,195,242,297,266,train
tamp_12340099_retype.jpg,1,retype,197,323,256,343,train
auth_12341752.jpg,0,none,,,,,train
auth_12341206.jpg,0,none,,,,,train
tamp_12340675_recompress.jpg,1,recompress,190,276,366,309,train
auth_12341016.jpg,0,none,,,,,train
auth_12341171.jpg,0,none,,,,,train
auth_12341034.jpg,0,none,,,,,train
auth_12340808.jpg,0,none,,,,,train
auth_12340114.jpg,0,none,,,,,train
auth_12341471.jpg,0,none,,,,,train
auth_12341019.jpg,0,none,,,,,train
tamp_12341347_recompress.jpg,1,recompress,190,276,366,309,train
tamp_12341929_recompress.jpg,1,recompress,190,76,287,109,train
auth_12340701.jpg,0,none,,,,,train
auth_12340746.jpg,0,none,,,,,train
auth_12340731.jpg,0,none,,,,,train
tamp_12341070_splice.jpg,1,splice,196,282,360,303,train
tamp_12341493_recompress.jpg,1,recompress,190,196,227,229,train
tamp_12340527_splice.jpg,1,splice,196,82,282,103,train
tamp_12341116_copy_move.jpg,1,copy_move,198,244,270,261,train
auth_12340732.jpg,0,none,,,,,train
tamp_12341981_copy_move.jpg,1,copy_move,198,244,324,261,train
tamp_12340306_retype.jpg,1,retype,197,243,280,262,train
auth_12340351.jpg,0,none,,,,,train
tamp_12340167_retype.jpg,1,retype,197,123,278,142,train
tamp_12341938_copy_move.jpg,1,copy_move,198,244,290,261,train
auth_12340651.jpg,0,none,,,,,train
tamp_12340733_retype.jpg,1,retype,197,283,359,302,train
tamp_12341401_splice.jpg,1,splice,196,322,257,344,train
auth_12341996.jpg,0,none,,,,,train
tamp_12341374_splice.jpg,1,splice,196,242,292,263,train
auth_12340958.jpg,0,none,,,,,train
auth_12341861.jpg,0,none,,,,,train
tamp_12340230_copy_move.jpg,1,copy_move,198,164,309,182,train
auth_12341697.jpg,0,none,,,,,train
tamp_12340960_splice.jpg,1,splice,196,202,221,223,train
auth_12341015.jpg,0,none,,,,,train
tamp_12341025_recompress.jpg,1,recompress,190,156,317,190,train
tamp_12341490_splice.jpg,1,splice,196,162,311,184,train
auth_12340571.jpg,0,none,,,,,train
tamp_12340341_copy_move.jpg,1,copy_move,198,244,279,261,train
auth_12341116.jpg,0,none,,,,,train
auth_12340189.jpg,0,none,,,,,train
auth_12340548.jpg,0,none,,,,,train
auth_12340811.jpg,0,none,,,,,train
tamp_12341518_copy_move.jpg,1,copy_move,198,84,254,101,train
auth_12341059.jpg,0,none,,,,,train
auth_12341078.jpg,0,none,,,,,train
tamp_12340168_recompress.jpg,1,recompress,190,156,317,190,train
auth_12341399.jpg,0,none,,,,,train
tamp_12340018_recompress.jpg,1,recompress,190,236,311,269,train
auth_12341972.jpg,0,none,,,,,train
auth_12341339.jpg,0,none,,,,,train
tamp_12341360_retype.jpg,1,retype,197,163,310,183,train
tamp_12340068_retype.jpg,1,retype,197,243,286,262,train
auth_12341414.jpg,0,none,,,,,train
tamp_12341623_recompress.jpg,1,recompress,190,236,287,269,train
tamp_12341937_splice.jpg,1,splice,196,122,264,143,train
tamp_12340552_copy_move.jpg,1,copy_move,198,324,255,342,train
auth_12341127.jpg,0,none,,,,,train
auth_12341443.jpg,0,none,,,,,train
auth_12340218.jpg,0,none,,,,,train
auth_12341492.jpg,0,none,,,,,train
auth_12341112.jpg,0,none,,,,,train
auth_12341723.jpg,0,none,,,,,train
tamp_12341346_copy_move.jpg,1,copy_move,198,284,358,301,train
auth_12340566.jpg,0,none,,,,,train
auth_12341671.jpg,0,none,,,,,train
tamp_12340203_splice.jpg,1,splice,196,82,238,103,train
auth_12341464.jpg,0,none,,,,,train
tamp_12341641_retype.jpg,1,retype,197,203,220,222,train
auth_12340283.jpg,0,none,,,,,train
auth_12340191.jpg,0,none,,,,,train
tamp_12340369_copy_move.jpg,1,copy_move,198,244,270,261,train
tamp_12340532_recompress.jpg,1,recompress,190,76,293,109,train
auth_12340524.jpg,0,none,,,,,train
auth_12340646.jpg,0,none,,,,,train
tamp_12340794_copy_move.jpg,1,copy_move,198,124,238,141,train
auth_12341807.jpg,0,none,,,,,train
tamp_12341520_copy_move.jpg,1,copy_move,198,84,285,101,train
auth_12341765.jpg,0,none,,,,,train
tamp_12341539_recompress.jpg,1,recompress,190,316,263,350,train
auth_12340803.jpg,0,none,,,,,train
tamp_12341827_retype.jpg,1,retype,197,203,214,222,train
tamp_12340067_copy_move.jpg,1,copy_move,198,164,309,182,train
tamp_12340267_recompress.jpg,1,recompress,190,276,366,309,train
tamp_12341506_copy_move.jpg,1,copy_move,198,244,304,261,train
auth_12340303.jpg,0,none,,,,,train
auth_12341979.jpg,0,none,,,,,train
auth_12340735.jpg,0,none,,,,,train
tamp_12341729_copy_move.jpg,1,copy_move,198,244,270,261,train
auth_12340688.jpg,0,none,,,,,train
tamp_12340902_splice.jpg,1,splice,196,162,311,184,train
auth_12340230.jpg,0,none,,,,,train
auth_12341620.jpg,0,none,,,,,train
auth_12340158.jpg,0,none,,,,,train
tamp_12341948_recompress.jpg,1,recompress,190,76,293,109,train
auth_12340905.jpg,0,none,,,,,train
tamp_12340638_recompress.jpg,1,recompress,190,76,287,109,train
tamp_12341541_retype.jpg,1,retype,197,163,310,183,train
tamp_12341238_splice.jpg,1,splice,196,242,272,263,train
auth_12340635.jpg,0,none,,,,,train
auth_12340739.jpg,0,none,,,,,train
auth_12341145.jpg,0,none,,,,,train
auth_12340451.jpg,0,none,,,,,train
tamp_12341818_recompress.jpg,1,recompress,190,276,366,309,train
auth_12341520.jpg,0,none,,,,,train
tamp_12340980_splice.jpg,1,splice,196,202,215,223,train
tamp_12341167_retype.jpg,1,retype,197,323,256,343,train
tamp_12341950_retype.jpg,1,retype,197,323,256,343,train
auth_12340959.jpg,0,none,,,,,train
tamp_12341488_copy_move.jpg,1,copy_move,198,284,358,301,train
auth_12340847.jpg,0,none,,,,,train
tamp_12341035_splice.jpg,1,splice,196,282,360,303,train
tamp_12341580_retype.jpg,1,retype,197,283,359,302,train
tamp_12340556_retype.jpg,1,retype,197,163,310,183,train
auth_12341144.jpg,0,none,,,,,train
auth_12340817.jpg,0,none,,,,,train
tamp_12341142_copy_move.jpg,1,copy_move,198,324,255,342,train
tamp_12340524_recompress.jpg,1,recompress,190,116,258,149,train
auth_12341495.jpg,0,none,,,,,train
auth_12341696.jpg,0,none,,,,,train
auth_12340570.jpg,0,none,,,,,train
auth_12340167.jpg,0,none,,,,,train
auth_12340832.jpg,0,none,,,,,train
tamp_12340576_recompress.jpg,1,recompress,190,116,252,149,train
auth_12340504.jpg,0,none,,,,,train
tamp_12340275_splice.jpg,1,splice,196,242,287,263,train
auth_12340586.jpg,0,none,,,,,train
tamp_12340126_copy_move.jpg,1,copy_move,198,284,358,301,train
tamp_12341098_splice.jpg,1,splice,196,82,278,103,train
tamp_12341446_recompress.jpg,1,recompress,190,116,262,149,train
tamp_12340788_recompress.jpg,1,recompress,190,76,284,109,train
auth_12340051.jpg,0,none,,,,,train
tamp_12341604_retype.jpg,1,retype,197,323,256,343,train
tamp_12341990_copy_move.jpg,1,copy_move,198,324,255,342,train
auth_12341546.jpg,0,none,,,,,train
tamp_12340625_retype.jpg,1,retype,197,163,310,183,train
auth_12340460.jpg,0,none,,,,,train
tamp_12341945_splice.jpg,1,splice,196,282,360,303,train
tamp_12340548_splice.jpg,1,splice,196,322,257,344,train
auth_12340244.jpg,0,none,,,,,train
tamp_12340452_retype.jpg,1,retype,197,163,310,183,train
tamp_12341960_splice.jpg,1,splice,196,122,263,143,train
auth_12340454.jpg,0,none,,,,,train
tamp_12340834_recompress.jpg,1,recompress,190,316,263,350,train
auth_12341129.jpg,0,none,,,,,train
tamp_12341716_copy_move.jpg,1,copy_move,198,204,213,221,train
auth_12340610.jpg,0,none,,,,,train
auth_12340531.jpg,0,none,,,,,train
tamp_12340780_retype.jpg,1,retype,197,203,214,222,train
auth_12340483.jpg,0,none,,,,,train
tamp_12340489_retype.jpg,1,retype,197,283,359,302,train
tamp_12340792_retype.jpg,1,retype,197,83,280,102,train
tamp_12340318_recompress.jpg,1,recompress,190,316,263,350,train
auth_12340567.jpg,0,none,,,,,train
tamp_12341968_retype.jpg,1,retype,197,243,291,262,train
tamp_12340198_recompress.jpg,1,recompress,190,236,278,269,train
tamp_12341902_retype.jpg,1,retype,197,203,214,222,train
tamp_12341059_copy_move.jpg,1,copy_move,198,164,309,182,train
tamp_12340186_recompress.jpg,1,recompress,190,156,317,190,train
auth_12341192.jpg,0,none,,,,,train
auth_12340046.jpg,0,none,,,,,train
tamp_12341675_splice.jpg,1,splice,196,202,215,223,train
auth_12341454.jpg,0,none,,,,,train
auth_12340001.jpg,0,none,,,,,train
tamp_12341440_retype.jpg,1,retype,197,243,280,262,train
auth_12341203.jpg,0,none,,,,,train
tamp_12341996_retype.jpg,1,retype,197,83,281,102,train
auth_12340574.jpg,0,none,,,,,train
tamp_12341664_retype.jpg,1,retype,197,203,214,222,train
auth_12340219.jpg,0,none,,,,,train
auth_12341727.jpg,0,none,,,,,train
auth_12340300.jpg,0,none,,,,,train
tamp_12340913_copy_move.jpg,1,copy_move,198,204,213,221,train
auth_12340758.jpg,0,none,,,,,train
auth_12340766.jpg,0,none,,,,,train
tamp_12340453_splice.jpg,1,splice,196,202,221,223,train
tamp_12341075_retype.jpg,1,retype,197,283,359,302,train
auth_12341300.jpg,0,none,,,,,train
auth_12341525.jpg,0,none,,,,,train
auth_12341508.jpg,0,none,,,,,train
auth_12341664.jpg,0,none,,,,,train
tamp_12340280_copy_move.jpg,1,copy_move,198,284,358,301,train
auth_12340989.jpg,0,none,,,,,train
auth_12340654.jpg,0,none,,,,,train
auth_12340296.jpg,0,none,,,,,train
tamp_12340386_splice.jpg,1,splice,196,242,281,263,train
tamp_12340244_splice.jpg,1,splice,196,322,257,344,train
tamp_12340325_recompress.jpg,1,recompress,190,236,298,269,train
auth_12341886.jpg,0,none,,,,,train
tamp_12341424_copy_move.jpg,1,copy_move,198,164,309,182,train
tamp_12340515_recompress.jpg,1,recompress,190,236,312,269,train
auth_12341111.jpg,0,none,,,,,train
auth_12341949.jpg,0,none,,,,,train
auth_12341725.jpg,0,none,,,,,train
auth_12340957.jpg,0,none,,,,,train
auth_12340656.jpg,0,none,,,,,train
auth_12341521.jpg,0,none,,,,,train
tamp_12340085_recompress.jpg,1,recompress,190,76,293,109,train
auth_12340318.jpg,0,none,,,,,train
tamp_12340072_copy_move.jpg,1,copy_move,198,124,272,141,train
tamp_12341588_retype.jpg,1,retype,197,163,310,183,train
tamp_12340501_recompress.jpg,1,recompress,190,236,287,269,train
auth_12341749.jpg,0,none,,,,,train
auth_12341470.jpg,0,none,,,,,train
tamp_12340546_retype.jpg,1,retype,197,123,265,142,train
auth_12340163.jpg,0,none,,,,,train
auth_12340944.jpg,0,none,,,,,train
tamp_12340217_retype.jpg,1,retype,197,283,359,302,train
auth_12340311.jpg,0,none,,,,,train
auth_12340784.jpg,0,none,,,,,train
tamp_12340296_recompress.jpg,1,recompress,190,316,263,350,train
auth_12340945.jpg,0,none,,,,,train
auth_12340145.jpg,0,none,,,,,train
tamp_12340499_copy_move.jpg,1,copy_move,198,284,358,301,train
auth_12340262.jpg,0,none,,,,,train
tamp_12341270_splice.jpg,1,splice,196,322,257,344,train
tamp_12340877_copy_move.jpg,1,copy_move,198,84,279,101,train
tamp_12341113_recompress.jpg,1,recompress,190,236,293,269,train
tamp_12340609_retype.jpg,1,retype,197,283,359,302,train
tamp_12341459_copy_move.jpg,1,copy_move,198,324,255,342,train
tamp_12341126_copy_move.jpg,1,copy_move,198,124,272,141,train
tamp_12341944_splice.jpg,1,splice,196,202,215,223,train
auth_12340257.jpg,0,none,,,,,train
auth_12341304.jpg,0,none,,,,,train
auth_12340421.jpg,0,none,,,,,train
auth_12340659.jpg,0,none,,,,,train
tamp_12341306_copy_move.jpg,1,copy_move,198,84,285,101,train
auth_12341548.jpg,0,none,,,,,train
auth_12341408.jpg,0,none,,,,,train
tamp_12340856_recompress.jpg,1,recompress,190,316,263,350,train
tamp_12340686_copy_move.jpg,1,copy_move,198,284,358,301,train
tamp_12341175_recompress.jpg,1,recompress,190,196,227,229,train
tamp_12340486_copy_move.jpg,1,copy_move,198,324,255,342,train
tamp_12340297_copy_move.jpg,1,copy_move,198,284,358,301,train
tamp_12341082_recompress.jpg,1,recompress,190,116,262,149,train
tamp_12341615_splice.jpg,1,splice,196,242,305,263,train
auth_12341637.jpg,0,none,,,,,train
tamp_12341688_retype.jpg,1,retype,197,203,214,222,train
tamp_12340170_splice.jpg,1,splice,196,82,287,103,train
tamp_12341333_splice.jpg,1,splice,196,162,311,184,train
tamp_12341975_retype.jpg,1,retype,197,203,214,222,train
auth_12341885.jpg,0,none,,,,,train
auth_12340631.jpg,0,none,,,,,train
auth_12340253.jpg,0,none,,,,,train
tamp_12341230_recompress.jpg,1,recompress,190,316,263,350,train
auth_12341341.jpg,0,none,,,,,train
tamp_12341991_retype.jpg,1,retype,197,243,298,262,train
auth_12341581.jpg,0,none,,,,,train
auth_12340337.jpg,0,none,,,,,train
tamp_12340114_splice.jpg,1,splice,196,242,305,263,train
tamp_12340177_splice.jpg,1,splice,196,82,274,103,train
tamp_12340287_retype.jpg,1,retype,197,123,260,142,train
auth_12340892.jpg,0,none,,,,,train
tamp_12340634_recompress.jpg,1,recompress,189,236,303,272,train
auth_12340009.jpg,0,none,,,,,train
auth_12341762.jpg,0,none,,,,,train
tamp_12341677_recompress.jpg,1,recompress,190,116,258,149,train
auth_12341167.jpg,0,none,,,,,train
tamp_12341480_retype.jpg,1,retype,197,83,255,102,train
tamp_12340443_retype.jpg,1,retype,197,83,279,102,train
tamp_12340458_retype.jpg,1,retype,197,203,220,222,train
auth_12341412.jpg,0,none,,,,,train
tamp_12341531_splice.jpg,1,splice,195,242,297,266,train
tamp_12340768_splice.jpg,1,splice,196,202,215,223,train
auth_12341569.jpg,0,none,,,,,train
auth_12340788.jpg,0,none,,,,,train
auth_12340326.jpg,0,none,,,,,train
tamp_12340327_splice.jpg,1,splice,196,242,287,263,train
tamp_12341629_splice.jpg,1,splice,196,202,221,223,train
auth_12341360.jpg,0,none,,,,,train
tamp_12341653_copy_move.jpg,1,copy_move,198,204,213,221,train
tamp_12340144_copy_move.jpg,1,copy_move,197,124,251,144,train
tamp_12340571_copy_move.jpg,1,copy_move,198,204,213,221,train
auth_12340092.jpg,0,none,,,,,train
auth_12341274.jpg,0,none,,,,,train
tamp_12340550_retype.jpg,1,retype,197,243,325,262,train
tamp_12341844_splice.jpg,1,splice,196,242,299,263,train
auth_12341543.jpg,0,none,,,,,train
auth_12340991.jpg,0,none,,,,,train
tamp_12341290_copy_move.jpg,1,copy_move,198,124,258,141,train
auth_12341137.jpg,0,none,,,,,train
auth_12341693.jpg,0,none,,,,,train
auth_12340240.jpg,0,none,,,,,train
tamp_12341140_copy_move.jpg,1,copy_move,198,324,255,342,train
auth_12341250.jpg,0,none,,,,,train
auth_12341786.jpg,0,none,,,,,train
auth_12340933.jpg,0,none,,,,,train
tamp_12340930_copy_move.jpg,1,copy_move,198,84,285,101,train
auth_12341479.jpg,0,none,,,,,train
auth_12341665.jpg,0,none,,,,,train
tamp_12340526_copy_move.jpg,1,copy_move,198,324,255,342,train
auth_12341837.jpg,0,none,,,,,train
tamp_12340836_copy_move.jpg,1,copy_move,198,284,358,301,train
tamp_12340801_recompress.jpg,1,recompress,190,316,263,350,train
auth_12341028.jpg,0,none,,,,,train
auth_12340821.jpg,0,none,,,,,train
tamp_12340088_retype.jpg,1,retype,197,83,281,102,train
auth_12340338.jpg,0,none,,,,,train
tamp_12341389_copy_move.jpg,1,copy_move,198,284,358,301,train
tamp_12340262_recompress.jpg,1,recompress,190,116,262,149,train
auth_12341703.jpg,0,none,,,,,train
tamp_12341898_recompress.jpg,1,recompress,190,276,366,309,train
auth_12341814.jpg,0,none,,,,,train
tamp_12340505_copy_move.jpg,1,copy_move,198,124,272,141,train
auth_12341469.jpg,0,none,,,,,train
auth_12340402.jpg,0,none,,,,,train
auth_12340332.jpg,0,none,,,,,train
tamp_12340461_copy_move.jpg,1,copy_move,198,164,309,182,train
tamp_12340988_splice.jpg,1,splice,196,162,311,184,train
auth_12340588.jpg,0,none,,,,,train
tamp_12341543_retype.jpg,1,retype,196,123,248,142,train
tamp_12341462_retype.jpg,1,retype,197,323,256,343,train
tamp_12340444_recompress.jpg,1,recompress,190,236,293,269,train
auth_12340347.jpg,0,none,,,,,train
tamp_12340567_retype.jpg,1,retype,197,283,359,302,train
tamp_12340092_recompress.jpg,1,recompress,190,236,332,269,train
auth_12340476.jpg,0,none,,,,,train
auth_12341208.jpg,0,none,,,,,train
tamp_12341269_recompress.jpg,1,recompress,190,316,263,350,train
tamp_12341387_retype.jpg,1,retype,197,83,258,102,train
auth_12340648.jpg,0,none,,,,,train
tamp_12341759_recompress.jpg,1,recompress,190,116,262,149,train
auth_12340157.jpg,0,none,,,,,train
tamp_12340900_retype.jpg,1,retype,197,243,325,262,train
auth_12341941.jpg,0,none,,,,,train
auth_12340117.jpg,0,none,,,,,train
tamp_12340627_splice.jpg,1,splice,196,242,326,263,train
tamp_12341318_splice.jpg,1,splice,196,202,221,223,train
auth_12341638.jpg,0,none,,,,,train
tamp_12340376_recompress.jpg,1,recompress,190,76,286,109,train
auth_12340833.jpg,0,none,,,,,train
auth_12340041.jpg,0,none,,,,,train
tamp_12340466_splice.jpg,1,splice,196,322,257,344,train
auth_12340226.jpg,0,none,,,,,train
tamp_12340605_recompress.jpg,1,recompress,190,236,287,269,train
auth_12341959.jpg,0,none,,,,,train
auth_12341036.jpg,0,none,,,,,train
auth_12340282.jpg,0,none,,,,,train
tamp_12341715_retype.jpg,1,retype,197,323,256,343,train
auth_12341552.jpg,0,none,,,,,train
auth_12341736.jpg,0,none,,,,,train
auth_12341011.jpg,0,none,,,,,train
tamp_12341872_retype.jpg,1,retype,197,123,278,142,train
auth_12341219.jpg,0,none,,,,,train
tamp_12340332_recompress.jpg,1,recompress,190,116,258,149,train
tamp_12340357_copy_move.jpg,1,copy_move,198,84,272,101,train
auth_12340607.jpg,0,none,,,,,train
tamp_12341925_retype.jpg,1,retype,197,163,310,183,train
auth_12340210.jpg,0,none,,,,,train
auth_12341282.jpg,0,none,,,,,train
auth_12340729.jpg,0,none,,,,,train
tamp_12340308_copy_move.jpg,1,copy_move,198,204,219,221,train
tamp_12341206_copy_move.jpg,1,copy_move,198,124,272,141,train
tamp_12340945_copy_move.jpg,1,copy_move,198,84,276,101,train
tamp_12341323_retype.jpg,1,retype,197,243,280,262,train
auth_12340474.jpg,0,none,,,,,train
tamp_12341436_retype.jpg,1,retype,197,83,264,102,train
auth_12340792.jpg,0,none,,,,,train
tamp_12340105_copy_move.jpg,1,copy_move,198,244,303,261,train
auth_12341406.jpg,0,none,,,,,train
tamp_12340498_retype.jpg,1,retype,197,323,256,343,train
auth_12341386.jpg,0,none,,,,,train
auth_12340896.jpg,0,none,,,,,train
auth_12341284.jpg,0,none,,,,,train
auth_12340866.jpg,0,none,,,,,train
tamp_12341568_splice.jpg,1,splice,196,322,257,344,train
auth_12341465.jpg,0,none,,,,,train
tamp_12341160_copy_move.jpg,1,copy_move,198,324,255,342,train
tamp_12340691_retype.jpg,1,retype,197,163,310,183,train
tamp_12341198_copy_move.jpg,1,copy_move,198,324,255,342,train
tamp_12340963_retype.jpg,1,retype,197,123,278,142,train
auth_12341489.jpg,0,none,,,,,train
auth_12340749.jpg,0,none,,,,,train
tamp_12340070_copy_move.jpg,1,copy_move,198,284,358,301,train
auth_12341054.jpg,0,none,,,,,train
auth_12341305.jpg,0,none,,,,,train
tamp_12340328_recompress.jpg,1,recompress,190,236,311,269,train
auth_12341791.jpg,0,none,,,,,train
tamp_12341143_copy_move.jpg,1,copy_move,198,324,255,342,train
tamp_12341560_splice.jpg,1,splice,196,282,360,303,train
tamp_12341686_retype.jpg,1,retype,197,243,298,262,train
tamp_12341704_retype.jpg,1,retype,197,243,325,262,train
tamp_12340558_recompress.jpg,1,recompress,190,116,262,149,train
tamp_12340027_copy_move.jpg,1,copy_move,198,84,257,101,train
tamp_12341068_splice.jpg,1,splice,196,282,360,303,train
auth_12341756.jpg,0,none,,,,,train
auth_12341925.jpg,0,none,,,,,train
auth_12340035.jpg,0,none,,,,,train
auth_12341535.jpg,0,none,,,,,train
tamp_12341441_copy_move.jpg,1,copy_move,198,124,238,141,train
tamp_12341465_recompress.jpg,1,recompress,190,116,257,149,train
auth_12340790.jpg,0,none,,,,,train
auth_12341335.jpg,0,none,,,,,train
tamp_12341756_copy_move.jpg,1,copy_move,198,84,278,101,train
tamp_12340451_copy_move.jpg,1,copy_move,198,324,255,342,train
tamp_12340940_copy_move.jpg,1,copy_move,198,204,219,221,train
tamp_12340349_copy_move.jpg,1,copy_move,198,324,255,342,train
tamp_12340966_copy_move.jpg,1,copy_move,198,284,358,301,train
tamp_12340539_splice.jpg,1,splice,196,82,280,103,train
tamp_12340708_copy_move.jpg,1,copy_move,198,164,309,182,train
auth_12341507.jpg,0,none,,,,,train
tamp_12341867_retype.jpg,1,retype,197,323,256,343,train
auth_12341370.jpg,0,none,,,,,train
tamp_12340751_recompress.jpg,1,recompress,190,156,317,190,train
tamp_12341357_copy_move.jpg,1,copy_move,198,164,309,182,train
tamp_12341472_retype.jpg,1,retype,197,163,310,183,train
auth_12341649.jpg,0,none,,,,,train
auth_12341614.jpg,0,none,,,,,train
tamp_12340405_copy_move.jpg,1,copy_move,198,84,254,101,train
tamp_12341792_retype.jpg,1,retype,197,283,359,302,train
auth_12340780.jpg,0,none,,,,,train
auth_12340186.jpg,0,none,,,,,train
auth_12340305.jpg,0,none,,,,,train
tamp_12340736_retype.jpg,1,retype,197,83,281,102,train
auth_12340559.jpg,0,none,,,,,train
auth_12341986.jpg,0,none,,,,,train
tamp_12340363_splice.jpg,1,splice,196,242,281,263,train
auth_12340535.jpg,0,none,,,,,train
auth_12341331.jpg,0,none,,,,,train
tamp_12340399_splice.jpg,1,splice,196,82,265,103,train
auth_12341013.jpg,0,none,,,,,train
auth_12341411.jpg,0,none,,,,,train
tamp_12341382_copy_move.jpg,1,copy_move,198,284,358,301,train
auth_12341188.jpg,0,none,,,,,train
auth_12341699.jpg,0,none,,,,,train
tamp_12341639_splice.jpg,1,splice,196,82,281,103,train
tamp_12341564_retype.jpg,1,retype,197,323,256,343,train
tamp_12340034_splice.jpg,1,splice,196,202,215,223,train
auth_12341540.jpg,0,none,,,,,train
tamp_12340083_retype.jpg,1,retype,197,323,256,343,train
auth_12341143.jpg,0,none,,,,,train
tamp_12340403_retype.jpg,1,retype,197,243,298,262,train
auth_12340713.jpg,0,none,,,,,train
tamp_12341527_retype.jpg,1,retype,197,123,260,142,train
auth_12341659.jpg,0,none,,,,,train
tamp_12340549_copy_move.jpg,1,copy_move,198,244,270,261,train
tamp_12340714_copy_move.jpg,1,copy_move,198,124,272,141,train
tamp_12341565_splice.jpg,1,splice,196,202,221,223,train
auth_12340900.jpg,0,none,,,,,train
tamp_12340199_retype.jpg,1,retype,197,163,310,183,train
tamp_12341158_copy_move.jpg,1,copy_move,198,164,309,182,train
auth_12340496.jpg,0,none,,,,,train
tamp_12340156_recompress.jpg,1,recompress,190,236,287,269,train
tamp_12340729_recompress.jpg,1,recompress,190,116,258,149,train
auth_12341355.jpg,0,none,,,,,train
auth_12340020.jpg,0,none,,,,,train
tamp_12341368_retype.jpg,1,retype,197,123,265,142,train
auth_12341553.jpg,0,none,,,,,train
tamp_12341995_copy_move.jpg,1,copy_move,198,284,358,301,train
tamp_12340481_recompress.jpg,1,recompress,190,236,312,269,train
auth_12340590.jpg,0,none,,,,,train
auth_12341096.jpg,0,none,,,,,train
auth_12341794.jpg,0,none,,,,,train
tamp_12341619_splice.jpg,1,splice,196,162,311,184,train
tamp_12341970_recompress.jpg,1,recompress,190,156,317,190,train
tamp_12340235_copy_move.jpg,1,copy_move,198,284,358,301,train
tamp_12341496_splice.jpg,1,splice,196,202,221,223,train
tamp_12340370_retype.jpg,1,retype,197,83,264,102,train
tamp_12341327_splice.jpg,1,splice,196,122,264,143,train
auth_12340384.jpg,0,none,,,,,train
tamp_12341484_copy_move.jpg,1,copy_move,198,84,276,101,train
tamp_12341652_retype.jpg,1,retype,197,243,280,262,train
auth_12340750.jpg,0,none,,,,,train
auth_12340956.jpg,0,none,,,,,train
tamp_12340150_splice.jpg,1,splice,196,122,263,143,train
auth_12340281.jpg,0,none,,,,,train
auth_12341189.jpg,0,none,,,,,train
auth_12341732.jpg,0,none,,,,,train
auth_12341187.jpg,0,none,,,,,train
tamp_12341281_recompress.jpg,1,recompress,190,116,258,149,train
auth_12341212.jpg,0,none,,,,,train
auth_12340598.jpg,0,none,,,,,train
auth_12341008.jpg,0,none,,,,,train
auth_12341037.jpg,0,none,,,,,train
tamp_12340664_splice.jpg,1,splice,196,322,257,344,train
tamp_12340476_recompress.jpg,1,recompress,190,236,312,269,train
auth_12341668.jpg,0,none,,,,,train
auth_12340569.jpg,0,none,,,,,train
tamp_12341181_splice.jpg,1,splice,196,122,263,143,train
tamp_12340968_retype.jpg,1,retype,197,243,286,262,train
tamp_12341549_splice.jpg,1,splice,196,122,264,143,train
tamp_12340080_copy_move.jpg,1,copy_move,197,244,295,264,train
tamp_12340694_retype.jpg,1,retype,197,203,214,222,train
tamp_12340388_copy_move.jpg,1,copy_move,198,284,358,301,train
tamp_12341101_splice.jpg,1,splice,196,202,221,223,train
tamp_12341916_recompress.jpg,1,recompress,190,196,227,229,train
auth_12340381.jpg,0,none,,,,,train
tamp_12340292_splice.jpg,1,splice,196,242,281,263,train
tamp_12341801_copy_move.jpg,1,copy_move,197,244,295,264,train
auth_12340725.jpg,0,none,,,,,train
tamp_12340260_recompress.jpg,1,recompress,190,76,265,109,train
auth_12340954.jpg,0,none,,,,,train
auth_12341840.jpg,0,none,,,,,train
tamp_12340570_copy_move.jpg,1,copy_move,198,284,358,301,train
auth_12341890.jpg,0,none,,,,,train
auth_12341740.jpg,0,none,,,,,train
tamp_12340038_recompress.jpg,1,recompress,190,316,263,350,train
auth_12340627.jpg,0,none,,,,,train
tamp_12340454_retype.jpg,1,retype,197,83,280,102,train
auth_12341437.jpg,0,none,,,,,train
auth_12340199.jpg,0,none,,,,,train
auth_12341582.jpg,0,none,,,,,train
tamp_12340718_recompress.jpg,1,recompress,190,236,287,269,train
tamp_12341178_recompress.jpg,1,recompress,190,316,263,350,train
auth_12341630.jpg,0,none,,,,,train
auth_12340589.jpg,0,none,,,,,train
tamp_12340513_splice.jpg,1,splice,196,122,263,143,train
auth_12340373.jpg,0,none,,,,,train
auth_12340488.jpg,0,none,,,,,train
tamp_12341856_copy_move.jpg,1,copy_move,198,204,213,221,train
auth_12340148.jpg,0,none,,,,,train
tamp_12340942_retype.jpg,1,retype,197,283,359,302,train
auth_12341351.jpg,0,none,,,,,train
auth_12340444.jpg,0,none,,,,,train
tamp_12341009_copy_move.jpg,1,copy_move,198,244,304,261,train
tamp_12340094_retype.jpg,1,retype,197,243,280,262,train
tamp_12341972_splice.jpg,1,splice,196,162,311,184,train
tamp_12340777_splice.jpg,1,splice,196,202,215,223,train
auth_12341760.jpg,0,none,,,,,train
tamp_12340052_recompress.jpg,1,recompress,190,156,317,190,train
auth_12341045.jpg,0,none,,,,,train
tamp_12340392_retype.jpg,1,retype,197,243,280,262,train
auth_12341932.jpg,0,none,,,,,train
tamp_12341227_copy_move.jpg,1,copy_move,198,244,279,261,train
tamp_12341150_recompress.jpg,1,recompress,190,76,265,109,train
auth_12340939.jpg,0,none,,,,,train
tamp_12340003_copy_move.jpg,1,copy_move,198,84,236,101,train
auth_12340472.jpg,0,none,,,,,train
tamp_12341386_retype.jpg,1,retype,197,283,359,302,train
auth_12340634.jpg,0,none,,,,,train
auth_12340159.jpg,0,none,,,,,train
auth_12340224.jpg,0,none,,,,,train
auth_12341734.jpg,0,none,,,,,train
tamp_12340497_recompress.jpg,1,recompress,189,236,303,272,train
tamp_12341532_retype.jpg,1,retype,197,203,220,222,train
tamp_12341448_copy_move.jpg,1,copy_move,198,84,280,101,train
auth_12341679.jpg,0,none,,,,,train
auth_12341109.jpg,0,none,,,,,train
auth_12340988.jpg,0,none,,,,,train
auth_12340825.jpg,0,none,,,,,train
auth_12340321.jpg,0,none,,,,,train
tamp_12340954_splice.jpg,1,splice,196,82,282,103,train
tamp_12341777_retype.jpg,1,retype,197,243,291,262,train
auth_12341433.jpg,0,none,,,,,train
auth_12341267.jpg,0,none,,,,,train
tamp_12340732_splice.jpg,1,splice,196,122,267,143,train
tamp_12340226_copy_move.jpg,1,copy_move,198,244,270,261,train
auth_12340778.jpg,0,none,,,,,train
auth_12340255.jpg,0,none,,,,,train
auth_12340261.jpg,0,none,,,,,train
auth_12340184.jpg,0,none,,,,,train
auth_12341074.jpg,0,none,,,,,train
auth_12341039.jpg,0,none,,,,,train
auth_12340178.jpg,0,none,,,,,train
auth_12341423.jpg,0,none,,,,,train
tamp_12341897_copy_move.jpg,1,copy_move,198,164,309,182,train
auth_12341983.jpg,0,none,,,,,train
tamp_12340273_splice.jpg,1,splice,196,322,257,344,train
auth_12341510.jpg,0,none,,,,,train
tamp_12340724_recompress.jpg,1,recompress,190,316,263,350,train
auth_12340965.jpg,0,none,,,,,train
tamp_12341643_recompress.jpg,1,recompress,190,196,221,229,train
auth_12340516.jpg,0,none,,,,,train
auth_12340289.jpg,0,none,,,,,train
tamp_12340911_splice.jpg,1,splice,196,82,287,103,train
tamp_12340266_splice.jpg,1,splice,196,202,215,223,train
auth_12341040.jpg,0,none,,,,,train
tamp_12340956_recompress.jpg,1,recompress,190,76,286,109,train
auth_12340037.jpg,0,none,,,,,train
auth_12341748.jpg,0,none,,,,,train
tamp_12341987_retype.jpg,1,retype,197,83,258,102,train
tamp_12341361_recompress.jpg,1,recompress,190,156,317,190,train
tamp_12341058_recompress.jpg,1,recompress,190,116,258,149,train
auth_12340127.jpg,0,none,,,,,train
tamp_12340563_splice.jpg,1,splice,196,82,265,103,train
auth_12340842.jpg,0,none,,,,,train
tamp_12340632_splice.jpg,1,splice,196,82,256,103,train
auth_12341663.jpg,0,none,,,,,train
tamp_12340358_copy_move.jpg,1,copy_move,198,164,309,182,train
tamp_12341406_copy_move.jpg,1,copy_move,198,204,213,221,train
auth_12340368.jpg,0,none,,,,,train
tamp_12340077_copy_move.jpg,1,copy_move,198,244,304,261,train
auth_12340197.jpg,0,none,,,,,train
auth_12340498.jpg,0,none,,,,,train
tamp_12341830_retype.jpg,1,retype,197,283,359,302,train
auth_12341327.jpg,0,none,,,,,train
auth_12340961.jpg,0,none,,,,,train
tamp_12341163_recompress.jpg,1,recompress,190,196,221,229,train
tamp_12341596_recompress.jpg,1,recompress,190,276,366,309,train
auth_12340744.jpg,0,none,,,,,train
tamp_12341797_retype.jpg,1,retype,197,283,359,302,train
auth_12340923.jpg,0,none,,,,,train
tamp_12341029_splice.jpg,1,splice,196,202,221,223,train
auth_12341061.jpg,0,none,,,,,train
tamp_12340993_copy_move.jpg,1,copy_move,198,164,309,182,train
auth_12340969.jpg,0,none,,,,,train
auth_12341858.jpg,0,none,,,,,train
tamp_12341667_recompress.jpg,1,recompress,190,196,221,229,train
tamp_12340784_copy_move.jpg,1,copy_move,198,284,358,301,train
tamp_12340843_recompress.jpg,1,recompress,190,116,262,149,train
auth_12340279.jpg,0,none,,,,,train
tamp_12340247_recompress.jpg,1,recompress,190,76,267,109,train
auth_12341585.jpg,0,none,,,,,train
auth_12340848.jpg,0,none,,,,,train
tamp_12341211_copy_move.jpg,1,copy_move,198,284,358,301,train
auth_12341490.jpg,0,none,,,,,train
tamp_12340039_retype.jpg,1,retype,196,123,248,142,train
tamp_12340450_retype.jpg,1,retype,197,123,265,142,train
tamp_12341610_retype.jpg,1,retype,197,243,304,262,train
tamp_12340827_retype.jpg,1,retype,196,243,296,265,train
auth_12341263.jpg,0,none,,,,,train
auth_12340187.jpg,0,none,,,,,train
tamp_12340429_splice.jpg,1,splice,196,242,281,263,train
auth_12340208.jpg,0,none,,,,,train
auth_12340424.jpg,0,none,,,,,train
tamp_12340063_splice.jpg,1,splice,196,122,264,143,train
tamp_12340436_recompress.jpg,1,recompress,190,116,252,149,train
auth_12341865.jpg,0,none,,,,,train
tamp_12341711_splice.jpg,1,splice,196,282,360,303,train
auth_12340980.jpg,0,none,,,,,train
auth_12341133.jpg,0,none,,,,,train
auth_12341275.jpg,0,none,,,,,train
tamp_12341813_copy_move.jpg,1,copy_move,198,284,358,301,train
tamp_12341345_copy_move.jpg,1,copy_move,198,164,309,182,train
auth_12341973.jpg,0,none,,,,,train
tamp_12340854_splice.jpg,1,splice,196,322,257,344,train
auth_12340895.jpg,0,none,,,,,train
tamp_12341336_splice.jpg,1,splice,196,162,311,184,train
auth_12340625.jpg,0,none,,,,,train
tamp_12340272_retype.jpg,1,retype,197,283,359,302,train
auth_12341556.jpg,0,none,,,,,train
auth_12340085.jpg,0,none,,,,,train
tamp_12340759_retype.jpg,1,retype,197,83,280,102,train
auth_12340355.jpg,0,none,,,,,train
tamp_12341173_recompress.jpg,1,recompress,190,76,293,109,train
tamp_12340195_recompress.jpg,1,recompress,190,276,366,309,train
auth_12340241.jpg,0,none,,,,,train
tamp_12340676_splice.jpg,1,splice,196,202,221,223,train
tamp_12340139_retype.jpg,1,retype,197,163,310,183,train
tamp_12341089_copy_move.jpg,1,copy_move,198,284,358,301,train
tamp_12340455_recompress.jpg,1,recompress,190,316,263,350,train
auth_12341935.jpg,0,none,,,,,train
tamp_12341584_recompress.jpg,1,recompress,190,276,366,309,train
tamp_12340142_splice.jpg,1,splice,196,162,311,184,train
auth_12340671.jpg,0,none,,,,,train
tamp_12341622_splice.jpg,1,splice,196,322,257,344,train
tamp_12341758_retype.jpg,1,retype,197,283,359,302,train
tamp_12341135_splice.jpg,1,splice,196,162,311,184,train
auth_12341968.jpg,0,none,,,,,train
tamp_12340249_retype.jpg,1,retype,197,323,256,343,train
auth_12341656.jpg,0,none,,,,,train
auth_12340442.jpg,0,none,,,,,train
tamp_12340912_recompress.jpg,1,recompress,190,156,317,190,train
auth_12340518.jpg,0,none,,,,,train
tamp_12341476_retype.jpg,1,retype,197,323,256,343,train
tamp_12341460_recompress.jpg,1,recompress,190,76,271,109,train
tamp_12341816_retype.jpg,1,retype,197,163,310,183,train
tamp_12340457_splice.jpg,1,splice,196,82,278,103,train
tamp_12341779_recompress.jpg,1,recompress,190,196,227,229,train
auth_12341130.jpg,0,none,,,,,train
tamp_12341909_recompress.jpg,1,recompress,190,236,305,269,train
auth_12341682.jpg,0,none,,,,,train
tamp_12340151_copy_move.jpg,1,copy_move,198,124,258,141,train
tamp_12341268_recompress.jpg,1,recompress,190,116,252,149,train
auth_12340392.jpg,0,none,,,,,train
tamp_12340279_retype.jpg,1,retype,197,163,310,183,train
auth_12341824.jpg,0,none,,,,,train
tamp_12340587_splice.jpg,1,splice,196,82,259,103,train
tamp_12340687_retype.jpg,1,retype,197,243,325,262,train
tamp_12340136_copy_move.jpg,1,copy_move,198,204,213,221,train
auth_12340446.jpg,0,none,,,,,train
auth_12341403.jpg,0,none,,,,,train
auth_12341041.jpg,0,none,,,,,train
tamp_12340016_copy_move.jpg,1,copy_move,198,244,290,261,train
auth_12340428.jpg,0,none,,,,,train
auth_12340435.jpg,0,none,,,,,train
auth_12341922.jpg,0,none,,,,,train
tamp_12341864_retype.jpg,1,retype,197,243,305,262,train
tamp_12341848_retype.jpg,1,retype,197,323,256,343,train
tamp_12340421_recompress.jpg,1,recompress,190,236,287,269,train
auth_12341160.jpg,0,none,,,,,train
tamp_12341517_recompress.jpg,1,recompress,190,276,366,309,train
auth_12341264.jpg,0,none,,,,,train
auth_12341544.jpg,0,none,,,,,train
tamp_12341529_copy_move.jpg,1,copy_move,198,324,255,342,train
auth_12341114.jpg,0,none,,,,,train
auth_12341689.jpg,0,none,,,,,train
tamp_12341671_recompress.jpg,1,recompress,190,156,317,190,train
tamp_12341525_recompress.jpg,1,recompress,190,116,252,149,train
tamp_12341222_recompress.jpg,1,recompress,190,116,262,149,train
auth_12341484.jpg,0,none,,,,,train
tamp_12340818_copy_move.jpg,1,copy_move,198,284,358,301,train
auth_12341618.jpg,0,none,,,,,train
auth_12340168.jpg,0,none,,,,,train
auth_12341121.jpg,0,none,,,,,train
tamp_12340181_splice.jpg,1,splice,196,282,360,303,train
tamp_12340802_copy_move.jpg,1,copy_move,198,324,255,342,train
tamp_12340127_recompress.jpg,1,recompress,190,156,317,190,train
tamp_12341922_retype.jpg,1,retype,197,83,264,102,train
auth_12340955.jpg,0,none,,,,,train
auth_12340401.jpg,0,none,,,,,train
tamp_12340002_splice.jpg,1,splice,196,82,282,103,train
tamp_12341063_copy_move.jpg,1,copy_move,198,164,309,182,train
tamp_12340426_splice.jpg,1,splice,196,82,281,103,train
tamp_12341466_splice.jpg,1,splice,196,122,263,143,train
auth_12341350.jpg,0,none,,,,,train
auth_12340342.jpg,0,none,,,,,train
auth_12341702.jpg,0,none,,,,,train
auth_12340911.jpg,0,none,,,,,train
tamp_12340695_retype.jpg,1,retype,197,123,278,142,train
auth_12340107.jpg,0,none,,,,,train
tamp_12340781_copy_move.jpg,1,copy_move,198,124,272,141,train
auth_12341694.jpg,0,none,,,,,train
auth_12340308.jpg,0,none,,,,,train
auth_12340837.jpg,0,none,,,,,train
auth_12341800.jpg,0,none,,,,,train
auth_12340086.jpg,0,none,,,,,train
auth_12340294.jpg,0,none,,,,,train
auth_12341138.jpg,0,none,,,,,train
auth_12341229.jpg,0,none,,,,,train
auth_12340048.jpg,0,none,,,,,train
tamp_12340851_recompress.jpg,1,recompress,190,196,221,229,train
auth_12340878.jpg,0,none,,,,,train
auth_12340204.jpg,0,none,,,,,train
auth_12341488.jpg,0,none,,,,,train
tamp_12340019_retype.jpg,1,retype,197,123,265,142,train
tamp_12340368_recompress.jpg,1,recompress,190,316,263,350,train
tamp_12340683_splice.jpg,1,splice,196,162,311,184,train
tamp_12340744_recompress.jpg,1,recompress,190,236,287,269,train
tamp_12341307_retype.jpg,1,retype,197,83,280,102,train
tamp_12341326_splice.jpg,1,splice,196,202,215,223,train
tamp_12341065_copy_move.jpg,1,copy_move,198,284,358,301,train
tamp_12341838_retype.jpg,1,retype,197,163,310,183,train
tamp_12341837_copy_move.jpg,1,copy_move,198,124,238,141,train
auth_12340913.jpg,0,none,,,,,train
tamp_12341400_retype.jpg,1,retype,197,243,280,262,train
auth_12340099.jpg,0,none,,,,,train
tamp_12340606_retype.jpg,1,retype,197,123,260,142,train
auth_12340601.jpg,0,none,,,,,train
auth_12341843.jpg,0,none,,,,,train
tamp_12341210_recompress.jpg,1,recompress,190,316,263,350,train
auth_12340091.jpg,0,none,,,,,train
auth_12340557.jpg,0,none,,,,,train
auth_12341777.jpg,0,none,,,,,train
auth_12341650.jpg,0,none,,,,,train
auth_12340480.jpg,0,none,,,,,val
auth_12341999.jpg,0,none,,,,,val
auth_12341068.jpg,0,none,,,,,val
tamp_12341136_splice.jpg,1,splice,196,242,326,263,val
tamp_12341963_retype.jpg,1,retype,197,243,291,262,val
tamp_12341489_copy_move.jpg,1,copy_move,198,164,309,182,val
auth_12341870.jpg,0,none,,,,,val
auth_12340266.jpg,0,none,,,,,val
auth_12340325.jpg,0,none,,,,,val
auth_12341906.jpg,0,none,,,,,val
auth_12340644.jpg,0,none,,,,,val
auth_12341939.jpg,0,none,,,,,val
tamp_12340815_retype.jpg,1,retype,197,283,359,302,val
auth_12340606.jpg,0,none,,,,,val
tamp_12341408_recompress.jpg,1,recompress,190,236,293,269,val
auth_12340119.jpg,0,none,,,,,val
tamp_12340613_splice.jpg,1,splice,195,242,297,266,val
tamp_12341575_recompress.jpg,1,recompress,190,196,221,229,val
tamp_12340593_retype.jpg,1,retype,197,83,273,102,val
auth_12341841.jpg,0,none,,,,,val
tamp_12340543_splice.jpg,1,splice,196,122,263,143,val
tamp_12341917_recompress.jpg,1,recompress,190,116,257,149,val
auth_12340967.jpg,0,none,,,,,val
auth_12340024.jpg,0,none,,,,,val
auth_12341256.jpg,0,none,,,,,val
tamp_12341548_splice.jpg,1,splice,196,202,215,223,val
tamp_12341822_retype.jpg,1,retype,197,123,265,142,val
auth_12340756.jpg,0,none,,,,,val
tamp_12341183_recompress.jpg,1,recompress,190,156,317,190,val
tamp_12341084_copy_move.jpg,1,copy_move,198,324,255,342,val
tamp_12340090_copy_move.jpg,1,copy_move,198,244,324,261,val
tamp_12340380_recompress.jpg,1,recompress,190,156,317,190,val
tamp_12341095_recompress.jpg,1,recompress,190,196,221,229,val
tamp_12341736_recompress.jpg,1,recompress,190,76,267,109,val
auth_12340697.jpg,0,none,,,,,val
auth_12340714.jpg,0,none,,,,,val
tamp_12341006_recompress.jpg,1,recompress,190,76,287,109,val
auth_12341358.jpg,0,none,,,,,val
tamp_12340149_recompress.jpg,1,recompress,190,236,332,269,val
tamp_12340950_recompress.jpg,1,recompress,190,236,293,269,val
tamp_12340680_copy_move.jpg,1,copy_move,198,244,285,261,val
tamp_12340635_recompress.jpg,1,recompress,190,316,263,350,val
auth_12340324.jpg,0,none,,,,,val
auth_12341168.jpg,0,none,,,,,val
tamp_12340338_recompress.jpg,1,recompress,190,276,366,309,val
tamp_12341001_retype.jpg,1,retype,197,163,310,183,val
auth_12341435.jpg,0,none,,,,,val
tamp_12341811_splice.jpg,1,splice,196,242,287,263,val
auth_12340459.jpg,0,none,,,,,val
tamp_12340590_retype.jpg,1,retype,197,83,275,102,val
auth_12341398.jpg,0,none,,,,,val
tamp_12341589_retype.jpg,1,retype,197,243,298,262,val
auth_12341318.jpg,0,none,,,,,val
tamp_12341905_retype.jpg,1,retype,196,123,248,142,val
tamp_12341258_retype.jpg,1,retype,197,163,310,183,val
tamp_12341052_recompress.jpg,1,recompress,190,116,262,149,val
auth_12340372.jpg,0,none,,,,,val
tamp_12340097_splice.jpg,1,splice,196,122,263,143,val
auth_12340383.jpg,0,none,,,,,val
tamp_12340015_recompress.jpg,1,recompress,190,156,317,190,val
auth_12341003.jpg,0,none,,,,,val
tamp_12341698_splice.jpg,1,splice,196,322,257,344,val
auth_12340602.jpg,0,none,,,,,val
tamp_12340584_retype.jpg,1,retype,197,163,310,183,val
auth_12341110.jpg,0,none,,,,,val
auth_12340358.jpg,0,none,,,,,val
auth_12341528.jpg,0,none,,,,,val
auth_12340575.jpg,0,none,,,,,val
auth_12341962.jpg,0,none,,,,,val
tamp_12340533_splice.jpg,1,splice,196,202,215,223,val
tamp_12341556_recompress.jpg,1,recompress,190,76,288,109,val
auth_12340823.jpg,0,none,,,,,val
tamp_12341926_copy_move.jpg,1,copy_move,198,324,255,342,val
tamp_12341769_recompress.jpg,1,recompress,190,316,263,350,val
auth_12341642.jpg,0,none,,,,,val
auth_12341107.jpg,0,none,,,,,val
tamp_12341091_copy_move.jpg,1,copy_move,198,324,255,342,val
auth_12341135.jpg,0,none,,,,,val
auth_12341377.jpg,0,none,,,,,val
tamp_12340121_splice.jpg,1,splice,196,162,311,184,val
auth_12340880.jpg,0,none,,,,,val
tamp_12341499_copy_move.jpg,1,copy_move,198,204,213,221,val
auth_12341071.jpg,0,none,,,,,val
tamp_12340701_retype.jpg,1,retype,197,243,304,262,val
tamp_12340678_copy_move.jpg,1,copy_move,198,164,309,182,val
auth_12341299.jpg,0,none,,,,,val
auth_12340577.jpg,0,none,,,,,val
auth_12341204.jpg,0,none,,,,,val
auth_12340684.jpg,0,none,,,,,val
tamp_12340523_recompress.jpg,1,recompress,190,156,317,190,val
auth_12341325.jpg,0,none,,,,,val
auth_12340487.jpg,0,none,,,,,val
auth_12340695.jpg,0,none,,,,,val
auth_12341897.jpg,0,none,,,,,val
auth_12341089.jpg,0,none,,,,,val
tamp_12340857_retype.jpg,1,retype,197,163,310,183,val
tamp_12341988_recompress.jpg,1,recompress,190,76,286,109,val
auth_12340862.jpg,0,none,,,,,val
auth_12340858.jpg,0,none,,,,,val
auth_12341755.jpg,0,none,,,,,val
tamp_12341343_copy_move.jpg,1,copy_move,198,324,255,342,val
tamp_12341923_recompress.jpg,1,recompress,190,196,227,229,val
auth_12340215.jpg,0,none,,,,,val
tamp_12340617_recompress.jpg,1,recompress,190,156,317,190,val
auth_12340982.jpg,0,none,,,,,val
auth_12340580.jpg,0,none,,,,,val
auth_12340827.jpg,0,none,,,,,val
tamp_12340445_copy_move.jpg,1,copy_move,198,284,358,301,val
auth_12341253.jpg,0,none,,,,,val
auth_12340812.jpg,0,none,,,,,val
auth_12341357.jpg,0,none,,,,,val
auth_12340252.jpg,0,none,,,,,val
auth_12341678.jpg,0,none,,,,,val
auth_12340642.jpg,0,none,,,,,val
auth_12340901.jpg,0,none,,,,,val
auth_12340723.jpg,0,none,,,,,val
auth_12341182.jpg,0,none,,,,,val
auth_12340061.jpg,0,none,,,,,val
auth_12340903.jpg,0,none,,,,,val
tamp_12340303_recompress.jpg,1,recompress,190,196,221,229,val
tamp_12341953_splice.jpg,1,splice,196,322,257,344,val
tamp_12340662_recompress.jpg,1,recompress,190,276,366,309,val
auth_12341390.jpg,0,none,,,,,val
auth_12340937.jpg,0,none,,,,,val
auth_12340874.jpg,0,none,,,,,val
auth_12340414.jpg,0,none,,,,,val
tamp_12340645_retype.jpg,1,retype,197,203,220,222,val
auth_12340549.jpg,0,none,,,,,val
tamp_12341978_copy_move.jpg,1,copy_move,198,324,255,342,val
auth_12340038.jpg,0,none,,,,,val
auth_12340150.jpg,0,none,,,,,val
auth_12340481.jpg,0,none,,,,,val
auth_12341426.jpg,0,none,,,,,val
auth_12341789.jpg,0,none,,,,,val
tamp_12340074_splice.jpg,1,splice,196,202,215,223,val
auth_12340071.jpg,0,none,,,,,val
auth_12341413.jpg,0,none,,,,,val
auth_12340986.jpg,0,none,,,,,val
tamp_12340484_recompress.jpg,1,recompress,190,76,293,109,val
auth_12341660.jpg,0,none,,,,,val
tamp_12341433_splice.jpg,1,splice,196,202,221,223,val
auth_12341631.jpg,0,none,,,,,val
tamp_12341515_retype.jpg,1,retype,197,243,291,262,val
tamp_12341125_copy_move.jpg,1,copy_move,198,284,358,301,val
tamp_12340959_retype.jpg,1,retype,197,83,255,102,val
auth_12341957.jpg,0,none,,,,,val
tamp_12340041_retype.jpg,1,retype,197,203,214,222,val
tamp_12340348_retype.jpg,1,retype,197,243,286,262,val
auth_12340576.jpg,0,none,,,,,val
tamp_12341823_recompress.jpg,1,recompress,190,196,221,229,val
tamp_12340937_recompress.jpg,1,recompress,190,196,227,229,val
tamp_12340164_splice.jpg,1,splice,196,162,311,184,val
auth_12341511.jpg,0,none,,,,,val
tamp_12341039_copy_move.jpg,1,copy_move,198,164,309,182,val
auth_12341600.jpg,0,none,,,,,val
tamp_12341605_splice.jpg,1,splice,196,322,257,344,val
auth_12340517.jpg,0,none,,,,,val
tamp_12341734_copy_move.jpg,1,copy_move,198,84,278,101,val
tamp_12341789_copy_move.jpg,1,copy_move,198,284,358,301,val
auth_12341822.jpg,0,none,,,,,val
tamp_12341820_recompress.jpg,1,recompress,190,276,366,309,val
auth_12340222.jpg,0,none,,,,,val
auth_12341017.jpg,0,none,,,,,val
tamp_12341286_splice.jpg,1,splice,196,122,264,143,val
auth_12341378.jpg,0,none,,,,,val
tamp_12341392_retype.jpg,1,retype,197,283,359,302,val
auth_12341761.jpg,0,none,,,,,val
tamp_12340648_recompress.jpg,1,recompress,190,196,221,229,val
tamp_12340145_copy_move.jpg,1,copy_move,198,84,272,101,val
auth_12341645.jpg,0,none,,,,,val
auth_12340565.jpg,0,none,,,,,val
tamp_12341660_copy_move.jpg,1,copy_move,198,284,358,301,val
auth_12340886.jpg,0,none,,,,,val
tamp_12340592_copy_move.jpg,1,copy_move,198,284,358,301,val
auth_12341232.jpg,0,none,,,,,val
auth_12340564.jpg,0,none,,,,,val
tamp_12340467_splice.jpg,1,splice,196,82,259,103,val
auth_12340217.jpg,0,none,,,,,val
tamp_12340483_retype.jpg,1,retype,197,163,310,183,val
tamp_12341275_retype.jpg,1,retype,197,283,359,302,val
auth_12340555.jpg,0,none,,,,,val
auth_12340689.jpg,0,none,,,,,val
auth_12340225.jpg,0,none,,,,,val
tamp_12341437_recompress.jpg,1,recompress,190,316,263,350,val
tamp_12341569_retype.jpg,1,retype,197,243,305,262,val
tamp_12341445_recompress.jpg,1,recompress,190,236,293,269,val
auth_12340545.jpg,0,none,,,,,val
auth_12341766.jpg,0,none,,,,,val
auth_12341347.jpg,0,none,,,,,val
tamp_12340509_copy_move.jpg,1,copy_move,198,244,279,261,val
tamp_12340583_recompress.jpg,1,recompress,190,316,263,350,val
auth_12340530.jpg,0,none,,,,,val
auth_12340622.jpg,0,none,,,,,val
tamp_12341179_splice.jpg,1,splice,196,82,287,103,val
tamp_12340572_copy_move.jpg,1,copy_move,198,124,238,141,val
tamp_12341396_copy_move.jpg,1,copy_move,198,284,358,301,val
auth_12340733.jpg,0,none,,,,,val
auth_12340514.jpg,0,none,,,,,val
tamp_12340807_retype.jpg,1,retype,197,203,220,222,val
auth_12340500.jpg,0,none,,,,,val
auth_12340142.jpg,0,none,,,,,val
tamp_12341481_splice.jpg,1,splice,196,122,267,143,val
tamp_12341350_copy_move.jpg,1,copy_move,198,124,258,141,val
tamp_12340188_copy_move.jpg,1,copy_move,198,324,255,342,val
auth_12340343.jpg,0,none,,,,,val
auth_12340976.jpg,0,none,,,,,val
auth_12341394.jpg,0,none,,,,,val
auth_12341093.jpg,0,none,,,,,val
auth_12340176.jpg,0,none,,,,,val
tamp_12341033_splice.jpg,1,splice,196,202,215,223,val
tamp_12340134_splice.jpg,1,splice,196,82,281,103,val
auth_12340757.jpg,0,none,,,,,val
auth_12340561.jpg,0,none,,,,,val
tamp_12341865_retype.jpg,1,retype,197,203,214,222,val
auth_12340936.jpg,0,none,,,,,val
tamp_12341365_retype.jpg,1,retype,197,83,273,102,val
auth_12340552.jpg,0,none,,,,,val
tamp_12340187_retype.jpg,1,retype,197,123,278,142,val
tamp_12340346_copy_move.jpg,1,copy_move,198,284,358,301,val
auth_12341977.jpg,0,none,,,,,val
tamp_12341218_splice.jpg,1,splice,196,282,360,303,val
tamp_12340841_splice.jpg,1,splice,196,122,267,143,val
auth_12340760.jpg,0,none,,,,,val
tamp_12340237_copy_move.jpg,1,copy_move,198,84,259,101,val
auth_12340596.jpg,0,none,,,,,val
tamp_12340215_retype.jpg,1,retype,197,203,220,222,val
tamp_12340899_recompress.jpg,1,recompress,190,276,366,309,val
auth_12341820.jpg,0,none,,,,,val
auth_12340728.jpg,0,none,,,,,val
tamp_12340894_retype.jpg,1,retype,197,163,310,183,val
tamp_12341836_copy_move.jpg,1,copy_move,198,164,309,182,val
auth_12340151.jpg,0,none,,,,,val
tamp_12341469_splice.jpg,1,splice,196,242,306,263,val
auth_12340132.jpg,0,none,,,,,val
tamp_12341825_copy_move.jpg,1,copy_move,198,164,309,182,val
auth_12340700.jpg,0,none,,,,,val
tamp_12341672_splice.jpg,1,splice,196,82,281,103,val
auth_12340021.jpg,0,none,,,,,val
auth_12341907.jpg,0,none,,,,,val
auth_12340814.jpg,0,none,,,,,val
auth_12341821.jpg,0,none,,,,,val
auth_12341431.jpg,0,none,,,,,val
tamp_12341690_recompress.jpg,1,recompress,190,236,298,269,val
auth_12340737.jpg,0,none,,,,,val
auth_12341875.jpg,0,none,,,,,val
auth_12340890.jpg,0,none,,,,,val
tamp_12340066_copy_move.jpg,1,copy_move,198,324,255,342,val
auth_12340599.jpg,0,none,,,,,val
tamp_12340087_copy_move.jpg,1,copy_move,198,324,255,342,val
auth_12340495.jpg,0,none,,,,,val
tamp_12340323_copy_move.jpg,1,copy_move,198,204,219,221,val
auth_12340439.jpg,0,none,,,,,val
auth_12341982.jpg,0,none,,,,,val
tamp_12341644_retype.jpg,1,retype,197,283,359,302,val
tamp_12341254_retype.jpg,1,retype,197,283,359,302,val
tamp_12341007_retype.jpg,1,retype,197,203,220,222,val
tamp_12340200_copy_move.jpg,1,copy_move,198,84,254,101,val
tamp_12341414_splice.jpg,1,splice,196,82,276,103,val
tamp_12341146_copy_move.jpg,1,copy_move,198,324,255,342,val
tamp_12340512_recompress.jpg,1,recompress,190,76,284,109,val
tamp_12341577_splice.jpg,1,splice,196,162,311,184,val
tamp_12341707_splice.jpg,1,splice,196,242,299,263,val
auth_12341324.jpg,0,none,,,,,val
auth_12341338.jpg,0,none,,,,,val
tamp_12340213_copy_move.jpg,1,copy_move,198,124,272,141,val
tamp_12340294_splice.jpg,1,splice,196,242,292,263,val
tamp_12340263_splice.jpg,1,splice,196,202,221,223,val
tamp_12341186_recompress.jpg,1,recompress,190,236,287,269,val
tamp_12340717_retype.jpg,1,retype,197,203,220,222,val
tamp_12341809_copy_move.jpg,1,copy_move,198,124,272,141,val
tamp_12341931_recompress.jpg,1,recompress,190,116,257,149,val
tamp_12340359_retype.jpg,1,retype,197,163,310,183,val
auth_12340077.jpg,0,none,,,,,val
auth_12340399.jpg,0,none,,,,,val
tamp_12341824_splice.jpg,1,splice,196,322,257,344,val
auth_12341575.jpg,0,none,,,,,val
tamp_12341579_retype.jpg,1,retype,197,283,359,302,val
tamp_12341887_splice.jpg,1,splice,196,282,360,303,val
auth_12340133.jpg,0,none,,,,,val
auth_12341140.jpg,0,none,,,,,val
auth_12340221.jpg,0,none,,,,,val
tamp_12341901_copy_move.jpg,1,copy_move,198,84,263,101,val
tamp_12340749_copy_move.jpg,1,copy_move,198,164,309,182,val
auth_12340981.jpg,0,none,,,,,val
auth_12341298.jpg,0,none,,,,,val
tamp_12340048_copy_move.jpg,1,copy_move,198,284,358,301,val
auth_12341476.jpg,0,none,,,,,val
tamp_12341452_retype.jpg,1,retype,197,163,310,183,val
tamp_12340143_retype.jpg,1,retype,197,83,275,102,val
auth_12341787.jpg,0,none,,,,,val
auth_12341180.jpg,0,none,,,,,val
tamp_12341203_recompress.jpg,1,recompress,190,196,227,229,val
auth_12340026.jpg,0,none,,,,,val
tamp_12340469_recompress.jpg,1,recompress,190,316,263,350,val
auth_12340953.jpg,0,none,,,,,val
tamp_12340329_retype.jpg,1,retype,197,203,214,222,val
tamp_12341940_retype.jpg,1,retype,197,123,260,142,val
auth_12340011.jpg,0,none,,,,,val
tamp_12340245_recompress.jpg,1,recompress,190,116,257,149,val
tamp_12340319_recompress.jpg,1,recompress,190,236,278,269,val
tamp_12340655_retype.jpg,1,retype,197,123,265,142,val
auth_12340259.jpg,0,none,,,,,val
tamp_12341681_splice.jpg,1,splice,196,202,215,223,val
auth_12340662.jpg,0,none,,,,,val
tamp_12341127_splice.jpg,1,splice,196,282,360,303,val
auth_12340313.jpg,0,none,,,,,val
auth_12341230.jpg,0,none,,,,,val
tamp_12341412_copy_move.jpg,1,copy_move,198,84,236,101,val
auth_12341635.jpg,0,none,,,,,val
tamp_12341899_retype.jpg,1,retype,197,163,310,183,val
auth_12340409.jpg,0,none,,,,,val
tamp_12341145_copy_move.jpg,1,copy_move,198,284,358,301,val
tamp_12341617_recompress.jpg,1,recompress,190,236,293,269,val
tamp_12341026_copy_move.jpg,1,copy_move,198,284,358,301,val
auth_12340541.jpg,0,none,,,,,val
auth_12340345.jpg,0,none,,,,,val
auth_12341280.jpg,0,none,,,,,val
tamp_12340565_copy_move.jpg,1,copy_move,198,124,258,141,val
auth_12341912.jpg,0,none,,,,,val
auth_12341006.jpg,0,none,,,,,val
tamp_12341478_retype.jpg,1,retype,197,323,256,343,val
tamp_12341117_splice.jpg,1,splice,196,202,221,223,val
auth_12340489.jpg,0,none,,,,,val
tamp_12340017_splice.jpg,1,splice,196,202,215,223,val
auth_12341328.jpg,0,none,,,,,val
tamp_12340064_copy_move.jpg,1,copy_move,198,164,309,182,val
tamp_12341866_copy_move.jpg,1,copy_move,198,204,219,221,val
auth_12341344.jpg,0,none,,,,,val
tamp_12340404_retype.jpg,1,retype,197,323,256,343,val
auth_12341595.jpg,0,none,,,,,val
auth_12341681.jpg,0,none,,,,,val
auth_12340400.jpg,0,none,,,,,val
tamp_12341276_recompress.jpg,1,recompress,190,316,263,350,val
auth_12341942.jpg,0,none,,,,,val
tamp_12341453_recompress.jpg,1,recompress,190,116,252,149,val
auth_12341658.jpg,0,none,,,,,val
auth_12340013.jpg,0,none,,,,,val
tamp_12341659_recompress.jpg,1,recompress,190,156,317,190,val
tamp_12340431_splice.jpg,1,splice,196,162,311,184,val
auth_12340698.jpg,0,none,,,,,val
auth_12341014.jpg,0,none,,,,,val
auth_12341731.jpg,0,none,,,,,val
tamp_12341767_copy_move.jpg,1,copy_move,198,84,272,101,val
auth_12340932.jpg,0,none,,,,,val
auth_12340315.jpg,0,none,,,,,val
auth_12341313.jpg,0,none,,,,,val
tamp_12341796_recompress.jpg,1,recompress,190,196,227,229,val
tamp_12340748_copy_move.jpg,1,copy_move,198,164,309,182,val
tamp_12340616_copy_move.jpg,1,copy_move,198,284,358,301,val
tamp_12340465_splice.jpg,1,splice,196,82,256,103,val
tamp_12341296_splice.jpg,1,splice,196,82,280,103,val
tamp_12340488_retype.jpg,1,retype,197,283,359,302,val
tamp_12340589_copy_move.jpg,1,copy_move,197,124,251,144,val
auth_12340703.jpg,0,none,,,,,val
auth_12340917.jpg,0,none,,,,,val
tamp_12341416_recompress.jpg,1,recompress,190,116,262,149,val
auth_12341257.jpg,0,none,,,,,val
auth_12341457.jpg,0,none,,,,,val
auth_12341554.jpg,0,none,,,,,val
tamp_12341695_copy_move.jpg,1,copy_move,198,124,238,141,val
tamp_12341097_recompress.jpg,1,recompress,190,156,317,190,val
auth_12340704.jpg,0,none,,,,,val
auth_12340109.jpg,0,none,,,,,val
tamp_12340243_splice.jpg,1,splice,196,282,360,303,val
auth_12340329.jpg,0,none,,,,,val
auth_12341754.jpg,0,none,,,,,val
tamp_12340629_recompress.jpg,1,recompress,190,76,287,109,val
tamp_12340503_retype.jpg,1,retype,197,83,255,102,val
tamp_12340705_splice.jpg,1,splice,196,162,311,184,val
auth_12341643.jpg,0,none,,,,,val
auth_12341056.jpg,0,none,,,,,val
tamp_12341149_splice.jpg,1,splice,196,322,257,344,val
tamp_12340588_copy_move.jpg,1,copy_move,198,284,358,301,val
auth_12340673.jpg,0,none,,,,,val
auth_12340643.jpg,0,none,,,,,val
tamp_12341537_recompress.jpg,1,recompress,190,196,227,229,val
tamp_12340760_recompress.jpg,1,recompress,190,76,293,109,val
tamp_12340674_copy_move.jpg,1,copy_move,198,244,324,261,val
tamp_12340969_recompress.jpg,1,recompress,190,276,366,309,val
tamp_12341516_copy_move.jpg,1,copy_move,198,84,236,101,val
auth_12340761.jpg,0,none,,,,,val
auth_12341314.jpg,0,none,,,,,val
tamp_12340293_recompress.jpg,1,recompress,190,276,366,309,val
tamp_12341795_copy_move.jpg,1,copy_move,198,124,238,141,val
auth_12340080.jpg,0,none,,,,,val
tamp_12340205_splice.jpg,1,splice,196,242,281,263,val
auth_12341661.jpg,0,none,,,,,val
auth_12340768.jpg,0,none,,,,,val
tamp_12340908_recompress.jpg,1,recompress,190,116,262,149,val
tamp_12340334_splice.jpg,1,splice,196,282,360,303,val
tamp_12340789_recompress.jpg,1,recompress,190,196,227,229,val
tamp_12340375_retype.jpg,1,retype,197,163,310,183,val
auth_12341916.jpg,0,none,,,,,val
auth_12341517.jpg,0,none,,,,,val
tamp_12340623_splice.jpg,1,splice,196,162,311,184,val
tamp_12340364_splice.jpg,1,splice,196,282,360,303,val
auth_12340131.jpg,0,none,,,,,val
tamp_12340408_recompress.jpg,1,recompress,190,156,317,190,val
auth_12341359.jpg,0,none,,,,,val
tamp_12340537_recompress.jpg,1,recompress,190,196,221,229,val
tamp_12341467_splice.jpg,1,splice,196,82,261,103,val
tamp_12340983_retype.jpg,1,retype,197,323,256,343,val
auth_12340229.jpg,0,none,,,,,val
auth_12341126.jpg,0,none,,,,,val
auth_12341967.jpg,0,none,,,,,val
auth_12340769.jpg,0,none,,,,,val
auth_12340069.jpg,0,none,,,,,val
tamp_12340967_splice.jpg,1,splice,196,242,305,263,val
tamp_12341682_splice.jpg,1,splice,196,122,263,143,val
auth_12340233.jpg,0,none,,,,,val
tamp_12340641_copy_move.jpg,1,copy_move,197,244,295,264,val
auth_12341607.jpg,0,none,,,,,val
tamp_12340844_copy_move.jpg,1,copy_move,198,244,324,261,val
auth_12340660.jpg,0,none,,,,,val
auth_12340716.jpg,0,none,,,,,val
auth_12341209.jpg,0,none,,,,,val
tamp_12341185_recompress.jpg,1,recompress,190,276,366,309,val
tamp_12341050_retype.jpg,1,retype,197,323,256,343,val
tamp_12341168_splice.jpg,1,splice,196,242,281,263,val
auth_12340629.jpg,0,none,,,,,val
auth_12340882.jpg,0,none,,,,,val
tamp_12341776_copy_move.jpg,1,copy_move,198,204,213,221,val
auth_12340829.jpg,0,none,,,,,val
auth_12341571.jpg,0,none,,,,,val
auth_12341418.jpg,0,none,,,,,val
tamp_12340976_recompress.jpg,1,recompress,190,316,263,350,val
tamp_12340410_retype.jpg,1,retype,197,323,256,343,val
auth_12340884.jpg,0,none,,,,,val
tamp_12341741_recompress.jpg,1,recompress,190,236,293,269,val
auth_12340246.jpg,0,none,,,,,val
tamp_12340029_splice.jpg,1,splice,196,322,257,344,val
tamp_12341775_recompress.jpg,1,recompress,190,196,227,229,val
tamp_12340102_recompress.jpg,1,recompress,190,196,227,229,val
auth_12341288.jpg,0,none,,,,,val
auth_12340628.jpg,0,none,,,,,val
auth_12341379.jpg,0,none,,,,,val
auth_12340006.jpg,0,none,,,,,val
auth_12340536.jpg,0,none,,,,,val
tamp_12340551_recompress.jpg,1,recompress,190,76,265,109,val
auth_12340914.jpg,0,none,,,,,val
tamp_12341743_splice.jpg,1,splice,196,82,281,103,val
auth_12341453.jpg,0,none,,,,,val
auth_12340712.jpg,0,none,,,,,val
auth_12340542.jpg,0,none,,,,,val
tamp_12341562_retype.jpg,1,retype,197,163,310,183,val
tamp_12341595_copy_move.jpg,1,copy_move,198,324,255,342,val
auth_12340609.jpg,0,none,,,,,val
tamp_12341757_retype.jpg,1,retype,197,243,298,262,val
auth_12341623.jpg,0,none,,,,,val
tamp_12340081_copy_move.jpg,1,copy_move,198,204,213,221,val
auth_12340330.jpg,0,none,,,,,val
auth_12341917.jpg,0,none,,,,,val
tamp_12340707_splice.jpg,1,splice,196,162,311,184,val
tamp_12340207_splice.jpg,1,splice,196,162,311,184,val
tamp_12341134_retype.jpg,1,retype,197,163,310,183,val
auth_12341200.jpg,0,none,,,,,val
tamp_12340005_splice.jpg,1,splice,196,322,257,344,val
tamp_12340636_retype.jpg,1,retype,197,203,220,222,val
auth_12341882.jpg,0,none,,,,,val
tamp_12340374_retype.jpg,1,retype,197,163,310,183,val
auth_12340727.jpg,0,none,,,,,val
tamp_12341528_retype.jpg,1,retype,197,163,310,183,val
auth_12340664.jpg,0,none,,,,,val
auth_12340838.jpg,0,none,,,,,val
tamp_12341689_copy_move.jpg,1,copy_move,198,244,285,261,val
auth_12341944.jpg,0,none,,,,,val
tamp_12341130_retype.jpg,1,retype,197,283,359,302,val
tamp_12340021_recompress.jpg,1,recompress,190,76,244,109,val
tamp_12341666_splice.jpg,1,splice,195,242,297,266,val
auth_12341295.jpg,0,none,,,,,val
tamp_12340194_splice.jpg,1,splice,196,322,257,344,val
auth_12340251.jpg,0,none,,,,,val
tamp_12341114_recompress.jpg,1,recompress,190,76,244,109,val
auth_12341424.jpg,0,none,,,,,val
auth_12341312.jpg,0,none,,,,,val
tamp_12340462_splice.jpg,1,splice,196,162,311,184,val
auth_12340927.jpg,0,none,,,,,val
auth_12340152.jpg,0,none,,,,,val
auth_12341559.jpg,0,none,,,,,val
tamp_12341609_splice.jpg,1,splice,196,122,263,143,val
tamp_12340184_recompress.jpg,1,recompress,190,236,287,269,val
auth_12341417.jpg,0,none,,,,,val
tamp_12340106_splice.jpg,1,splice,196,162,311,184,val
auth_12341589.jpg,0,none,,,,,val
auth_12341863.jpg,0,none,,,,,val
auth_12340630.jpg,0,none,,,,,val
auth_12340632.jpg,0,none,,,,,val
tamp_12340290_recompress.jpg,1,recompress,190,276,366,309,val
tamp_12341404_retype.jpg,1,retype,197,203,214,222,val
tamp_12340233_recompress.jpg,1,recompress,190,156,317,190,val
tamp_12340157_recompress.jpg,1,recompress,190,116,257,149,val
auth_12340301.jpg,0,none,,,,,val
tamp_12341895_recompress.jpg,1,recompress,190,276,366,309,val
auth_12340328.jpg,0,none,,,,,val
auth_12341780.jpg,0,none,,,,,val
tamp_12341591_retype.jpg,1,retype,197,83,273,102,val
auth_12341025.jpg,0,none,,,,,val
tamp_12341933_splice.jpg,1,splice,196,122,267,143,val
auth_12340452.jpg,0,none,,,,,val
auth_12341652.jpg,0,none,,,,,val
tamp_12340147_recompress.jpg,1,recompress,190,196,221,229,val
tamp_12340422_retype.jpg,1,retype,197,123,278,142,val
auth_12341764.jpg,0,none,,,,,val
auth_12341672.jpg,0,none,,,,,val
tamp_12341852_recompress.jpg,1,recompress,190,316,263,350,val
auth_12340434.jpg,0,none,,,,,val
tamp_12340858_splice.jpg,1,splice,196,82,238,103,val
auth_12341122.jpg,0,none,,,,,val
auth_12341371.jpg,0,none,,,,,val
tamp_12340832_retype.jpg,1,retype,197,123,278,142,val
auth_12340482.jpg,0,none,,,,,val
auth_12340033.jpg,0,none,,,,,val
auth_12341970.jpg,0,none,,,,,val
auth_12341539.jpg,0,none,,,,,val
auth_12341023.jpg,0,none,,,,,val
tamp_12341663_splice.jpg,1,splice,196,202,221,223,val
auth_12340360.jpg,0,none,,,,,val
auth_12340977.jpg,0,none,,,,,val
auth_12340676.jpg,0,none,,,,,val
auth_12340868.jpg,0,none,,,,,val
auth_12341599.jpg,0,none,,,,,val
auth_12341146.jpg,0,none,,,,,val
tamp_12340953_copy_move.jpg,1,copy_move,198,84,254,101,val
tamp_12340668_recompress.jpg,1,recompress,190,156,317,190,val
tamp_12340000_copy_move.jpg,1,copy_move,198,324,255,342,val
tamp_12341670_copy_move.jpg,1,copy_move,198,164,309,182,val
auth_12341579.jpg,0,none,,,,,val
auth_12341276.jpg,0,none,,,,,val
tamp_12341294_recompress.jpg,1,recompress,190,76,244,109,val
tamp_12340231_copy_move.jpg,1,copy_move,198,84,257,101,val
auth_12341757.jpg,0,none,,,,,val
auth_12341951.jpg,0,none,,,,,val
auth_12340975.jpg,0,none,,,,,val
tamp_12340882_recompress.jpg,1,recompress,190,316,263,350,val
tamp_12341947_splice.jpg,1,splice,196,242,272,263,val
tamp_12341726_retype.jpg,1,retype,197,243,305,262,val
tamp_12340152_recompress.jpg,1,recompress,190,156,317,190,val
tamp_12341785_splice.jpg,1,splice,196,202,215,223,val
tamp_12340838_copy_move.jpg,1,copy_move,197,244,295,264,val
auth_12341220.jpg,0,none,,,,,val
auth_12340540.jpg,0,none,,,,,val
auth_12340333.jpg,0,none,,,,,val
tamp_12341205_retype.jpg,1,retype,197,203,220,222,val
auth_12341639.jpg,0,none,,,,,val
auth_12341022.jpg,0,none,,,,,val
tamp_12340535_copy_move.jpg,1,copy_move,198,84,272,101,val
auth_12341428.jpg,0,none,,,,,val
tamp_12340335_retype.jpg,1,retype,197,323,256,343,val
auth_12340597.jpg,0,none,,,,,val
tamp_12341292_retype.jpg,1,retype,197,283,359,302,val
auth_12341978.jpg,0,none,,,,,val
auth_12341587.jpg,0,none,,,,,val
tamp_12341935_copy_move.jpg,1,copy_move,198,244,270,261,val
tamp_12340006_recompress.jpg,1,recompress,190,236,298,269,val
tamp_12341048_copy_move.jpg,1,copy_move,198,244,297,261,val
tamp_12340712_recompress.jpg,1,recompress,190,76,288,109,val
tamp_12340059_retype.jpg,1,retype,197,83,264,102,val
auth_12341148.jpg,0,none,,,,,val
auth_12340425.jpg,0,none,,,,,val
auth_12341035.jpg,0,none,,,,,val
auth_12341483.jpg,0,none,,,,,val
auth_12341769.jpg,0,none,,,,,val
auth_12340112.jpg,0,none,,,,,val
auth_12340707.jpg,0,none,,,,,val
auth_12341802.jpg,0,none,,,,,val
auth_12340017.jpg,0,none,,,,,val
auth_12340670.jpg,0,none,,,,,val
tamp_12341027_copy_move.jpg,1,copy_move,197,124,251,144,val
auth_12341584.jpg,0,none,,,,,val
tamp_12341302_recompress.jpg,1,recompress,190,156,317,190,val
tamp_12340173_copy_move.jpg,1,copy_move,198,284,358,301,val
auth_12340818.jpg,0,none,,,,,val
tamp_12340796_copy_move.jpg,1,copy_move,198,324,255,342,val
auth_12341827.jpg,0,none,,,,,val
auth_12341152.jpg,0,none,,,,,val
auth_12341842.jpg,0,none,,,,,val
auth_12340915.jpg,0,none,,,,,val
auth_12341845.jpg,0,none,,,,,val
auth_12340963.jpg,0,none,,,,,val
auth_12341768.jpg,0,none,,,,,val
auth_12341119.jpg,0,none,,,,,val
tamp_12340525_copy_move.jpg,1,copy_move,198,164,309,182,val
tamp_12340715_copy_move.jpg,1,copy_move,198,84,254,101,val
auth_12341077.jpg,0,none,,,,,val
auth_12340143.jpg,0,none,,,,,val
auth_12341052.jpg,0,none,,,,,val
tamp_12340805_recompress.jpg,1,recompress,190,76,262,109,val
tamp_12341169_recompress.jpg,1,recompress,190,116,262,149,val
auth_12340404.jpg,0,none,,,,,val
auth_12340527.jpg,0,none,,,,,val
auth_12341990.jpg,0,none,,,,,val
tamp_12341744_recompress.jpg,1,recompress,190,116,257,149,val
auth_12340978.jpg,0,none,,,,,val
auth_12340235.jpg,0,none,,,,,val
tamp_12341576_recompress.jpg,1,recompress,190,196,221,229,val
auth_12340074.jpg,0,none,,,,,val
auth_12341150.jpg,0,none,,,,,val
tamp_12341103_copy_move.jpg,1,copy_move,198,284,358,301,val
auth_12341816.jpg,0,none,,,,,val
tamp_12341471_splice.jpg,1,splice,196,282,360,303,val
auth_12341596.jpg,0,none,,,,,test
tamp_12340578_copy_move.jpg,1,copy_move,198,164,309,182,test
auth_12341799.jpg,0,none,,,,,test
tamp_12341120_retype.jpg,1,retype,197,283,359,302,test
tamp_12341477_splice.jpg,1,splice,196,282,360,303,test
auth_12341503.jpg,0,none,,,,,test
tamp_12340919_retype.jpg,1,retype,197,203,214,222,test
auth_12340047.jpg,0,none,,,,,test
tamp_12340141_recompress.jpg,1,recompress,190,236,312,269,test
tamp_12341228_retype.jpg,1,retype,197,283,359,302,test
tamp_12341301_splice.jpg,1,splice,196,322,257,344,test
auth_12341902.jpg,0,none,,,,,test
tamp_12340274_splice.jpg,1,splice,196,82,259,103,test
tamp_12340330_retype.jpg,1,retype,197,83,258,102,test
auth_12340772.jpg,0,none,,,,,test
auth_12341169.jpg,0,none,,,,,test
auth_12341924.jpg,0,none,,,,,test
auth_12340422.jpg,0,none,,,,,test
tamp_12341078_copy_move.jpg,1,copy_move,198,204,213,221,test
auth_12340083.jpg,0,none,,,,,test
tamp_12341784_recompress.jpg,1,recompress,190,316,263,350,test
auth_12341686.jpg,0,none,,,,,test
auth_12341170.jpg,0,none,,,,,test
tamp_12340264_recompress.jpg,1,recompress,190,156,317,190,test
auth_12341010.jpg,0,none,,,,,test
auth_12341384.jpg,0,none,,,,,test
tamp_12341571_copy_move.jpg,1,copy_move,198,164,309,182,test
tamp_12340531_copy_move.jpg,1,copy_move,198,204,219,221,test
tamp_12340850_copy_move.jpg,1,copy_move,198,244,279,261,test
auth_12341927.jpg,0,none,,,,,test
tamp_12341722_copy_move.jpg,1,copy_move,198,284,358,301,test
tamp_12341700_retype.jpg,1,retype,197,283,359,302,test
tamp_12340510_splice.jpg,1,splice,196,322,257,344,test
tamp_12340809_copy_move.jpg,1,copy_move,198,244,324,261,test
tamp_12341199_splice.jpg,1,splice,196,242,306,263,test
tamp_12341721_copy_move.jpg,1,copy_move,198,244,324,261,test
tamp_12341442_splice.jpg,1,splice,196,242,281,263,test
auth_12341367.jpg,0,none,,,,,test
auth_12340908.jpg,0,none,,,,,test
auth_12341512.jpg,0,none,,,,,test
auth_12341058.jpg,0,none,,,,,test
tamp_12340704_recompress.jpg,1,recompress,190,156,317,190,test
tamp_12340381_splice.jpg,1,splice,196,202,215,223,test
auth_12341247.jpg,0,none,,,,,test
auth_12341964.jpg,0,none,,,,,test
tamp_12340116_copy_move.jpg,1,copy_move,198,204,213,221,test
auth_12341311.jpg,0,none,,,,,test
tamp_12341159_recompress.jpg,1,recompress,190,316,263,350,test
auth_12341770.jpg,0,none,,,,,test
auth_12341151.jpg,0,none,,,,,test
tamp_12341697_copy_move.jpg,1,copy_move,198,324,255,342,test
tamp_12341444_splice.jpg,1,splice,196,282,360,303,test
tamp_12341557_copy_move.jpg,1,copy_move,198,284,358,301,test
auth_12340587.jpg,0,none,,,,,test
auth_12340819.jpg,0,none,,,,,test
tamp_12340994_copy_move.jpg,1,copy_move,198,164,309,182,test
tamp_12341648_splice.jpg,1,splice,196,242,305,263,test
tamp_12341572_retype.jpg,1,retype,197,283,359,302,test
tamp_12340241_copy_move.jpg,1,copy_move,198,84,285,101,test
auth_12341322.jpg,0,none,,,,,test
tamp_12340922_recompress.jpg,1,recompress,190,76,286,109,test
tamp_12341447_copy_move.jpg,1,copy_move,198,324,255,342,test
tamp_12341530_splice.jpg,1,splice,196,82,278,103,test
tamp_12340393_splice.jpg,1,splice,196,322,257,344,test
tamp_12341415_splice.jpg,1,splice,196,202,221,223,test
tamp_12340160_splice.jpg,1,splice,196,242,281,263,test
tamp_12340210_splice.jpg,1,splice,196,162,311,184,test
auth_12341914.jpg,0,none,,,,,test
tamp_12340212_copy_move.jpg,1,copy_move,198,84,263,101,test
auth_12340408.jpg,0,none,,,,,test
auth_12340239.jpg,0,none,,,,,test
tamp_12340991_recompress.jpg,1,recompress,190,276,366,309,test
tamp_12341099_recompress.jpg,1,recompress,190,196,221,229,test
auth_12340999.jpg,0,none,,,,,test
auth_12340972.jpg,0,none,,,,,test
tamp_12340030_recompress.jpg,1,recompress,190,76,287,109,test
auth_12340045.jpg,0,none,,,,,test
tamp_12340727_copy_move.jpg,1,copy_move,198,84,259,101,test
auth_12340931.jpg,0,none,,,,,test
tamp_12341587_recompress.jpg,1,recompress,190,116,262,149,test
auth_12341459.jpg,0,none,,,,,test
auth_12340002.jpg,0,none,,,,,test
tamp_12341538_recompress.jpg,1,recompress,190,76,271,109,test
auth_12340745.jpg,0,none,,,,,test
tamp_12340842_recompress.jpg,1,recompress,190,76,271,109,test
auth_12340014.jpg,0,none,,,,,test
auth_12341572.jpg,0,none,,,,,test
auth_12340984.jpg,0,none,,,,,test
auth_12340949.jpg,0,none,,,,,test
tamp_12341632_copy_move.jpg,1,copy_move,198,124,238,141,test
auth_12341430.jpg,0,none,,,,,test
tamp_12340874_recompress.jpg,1,recompress,190,156,317,190,test
tamp_12341391_recompress.jpg,1,recompress,190,316,263,350,test
tamp_12341057_retype.jpg,1,retype,197,243,304,262,test
tamp_12340415_splice.jpg,1,splice,196,282,360,303,test
tamp_12341171_recompress.jpg,1,recompress,190,276,366,309,test
tamp_12341040_retype.jpg,1,retype,197,323,256,343,test
auth_12340730.jpg,0,none,,,,,test
auth_12340885.jpg,0,none,,,,,test
tamp_12340904_retype.jpg,1,retype,197,203,220,222,test
tamp_12341833_copy_move.jpg,1,copy_move,198,84,285,101,test
auth_12341751.jpg,0,none,,,,,test
auth_12340094.jpg,0,none,,,,,test
auth_12341178.jpg,0,none,,,,,test
auth_12341644.jpg,0,none,,,,,test
tamp_12340654_copy_move.jpg,1,copy_move,198,244,304,261,test
tamp_12340621_recompress.jpg,1,recompress,190,196,227,229,test
tamp_12341828_retype.jpg,1,retype,197,163,310,183,test
auth_12340494.jpg,0,none,,,,,test
tamp_12341152_recompress.jpg,1,recompress,190,236,287,269,test
tamp_12341225_copy_move.jpg,1,copy_move,198,164,309,182,test
auth_12340810.jpg,0,none,,,,,test
auth_12340088.jpg,0,none,,,,,test
auth_12341356.jpg,0,none,,,,,test
auth_12341958.jpg,0,none,,,,,test
auth_12341393.jpg,0,none,,,,,test
auth_12341132.jpg,0,none,,,,,test
auth_12340985.jpg,0,none,,,,,test
tamp_12340688_splice.jpg,1,splice,196,282,360,303,test
auth_12341349.jpg,0,none,,,,,test
tamp_12341831_splice.jpg,1,splice,196,322,257,344,test
auth_12341547.jpg,0,none,,,,,test
auth_12341855.jpg,0,none,,,,,test
auth_12340350.jpg,0,none,,,,,test
tamp_12341312_copy_move.jpg,1,copy_move,198,204,219,221,test
tamp_12341647_retype.jpg,1,retype,197,283,359,302,test
tamp_12340580_splice.jpg,1,splice,196,242,306,263,test
tamp_12340042_retype.jpg,1,retype,197,203,220,222,test
tamp_12341746_retype.jpg,1,retype,197,203,214,222,test
auth_12341277.jpg,0,none,,,,,test
auth_12340154.jpg,0,none,,,,,test
tamp_12340554_copy_move.jpg,1,copy_move,198,324,255,342,test
auth_12341809.jpg,0,none,,,,,test
auth_12340380.jpg,0,none,,,,,test
tamp_12341164_retype.jpg,1,retype,197,83,255,102,test
tamp_12340642_copy_move.jpg,1,copy_move,198,204,219,221,test
auth_12340462.jpg,0,none,,,,,test
tamp_12341725_splice.jpg,1,splice,196,162,311,184,test
auth_12340645.jpg,0,none,,,,,test
tamp_12340234_copy_move.jpg,1,copy_move,198,244,303,261,test
tamp_12340504_recompress.jpg,1,recompress,190,156,317,190,test
tamp_12341904_retype.jpg,1,retype,197,283,359,302,test
auth_12340686.jpg,0,none,,,,,test
tamp_12341540_copy_move.jpg,1,copy_move,198,84,285,101,test
tamp_12341535_retype.jpg,1,retype,197,163,310,183,test
tamp_12341303_recompress.jpg,1,recompress,190,276,366,309,test
auth_12341063.jpg,0,none,,,,,test
tamp_12340661_splice.jpg,1,splice,196,162,311,184,test
auth_12340364.jpg,0,none,,,,,test
auth_12340129.jpg,0,none,,,,,test
auth_12341864.jpg,0,none,,,,,test
auth_12340696.jpg,0,none,,,,,test
auth_12340005.jpg,0,none,,,,,test
auth_12341083.jpg,0,none,,,,,test
auth_12340685.jpg,0,none,,,,,test
tamp_12341510_recompress.jpg,1,recompress,190,316,263,350,test
tamp_12341284_retype.jpg,1,retype,197,283,359,302,test
tamp_12340596_recompress.jpg,1,recompress,190,276,366,309,test
tamp_12340933_splice.jpg,1,splice,196,322,257,344,test
tamp_12341634_copy_move.jpg,1,copy_move,198,124,272,141,test
tamp_12341958_retype.jpg,1,retype,197,323,256,343,test
tamp_12340746_recompress.jpg,1,recompress,190,316,263,350,test
auth_12340413.jpg,0,none,,,,,test
auth_12341683.jpg,0,none,,,,,test
tamp_12340519_splice.jpg,1,splice,196,162,311,184,test
tamp_12340201_copy_move.jpg,1,copy_move,198,84,272,101,test
auth_12341961.jpg,0,none,,,,,test
auth_12341388.jpg,0,none,,,,,test
tamp_12340685_splice.jpg,1,splice,196,82,276,103,test
auth_12340209.jpg,0,none,,,,,test
auth_12341504.jpg,0,none,,,,,test
tamp_12341618_copy_move.jpg,1,copy_move,198,204,219,221,test
tamp_12340372_copy_move.jpg,1,copy_move,198,244,297,261,test
tamp_12341251_retype.jpg,1,retype,197,323,256,343,test
tamp_12340411_copy_move.jpg,1,copy_move,197,244,295,264,test
auth_12340948.jpg,0,none,,,,,test
auth_12340613.jpg,0,none,,,,,test
auth_12340902.jpg,0,none,,,,,test
tamp_12340162_recompress.jpg,1,recompress,190,156,317,190,test
tamp_12341128_copy_move.jpg,1,copy_move,198,84,285,101,test
auth_12340304.jpg,0,none,,,,,test
auth_12341533.jpg,0,none,,,,,test
auth_12341154.jpg,0,none,,,,,test
auth_12341717.jpg,0,none,,,,,test
auth_12341091.jpg,0,none,,,,,test
tamp_12341072_copy_move.jpg,1,copy_move,198,164,309,182,test
tamp_12340222_splice.jpg,1,splice,196,162,311,184,test
tamp_12341494_retype.jpg,1,retype,197,83,281,102,test
tamp_12340076_copy_move.jpg,1,copy_move,198,284,358,301,test
tamp_12341422_copy_move.jpg,1,copy_move,198,124,238,141,test
auth_12341995.jpg,0,none,,,,,test
tamp_12341413_splice.jpg,1,splice,196,162,311,184,test
auth_12340273.jpg,0,none,,,,,test
auth_12340378.jpg,0,none,,,,,test
tamp_12341705_recompress.jpg,1,recompress,190,236,311,269,test
tamp_12341366_retype.jpg,1,retype,196,123,248,142,test
tamp_12341637_retype.jpg,1,retype,197,123,260,142,test
auth_12341176.jpg,0,none,,,,,test
auth_12340926.jpg,0,none,,,,,test
auth_12340445.jpg,0,none,,,,,test
auth_12340801.jpg,0,none,,,,,test
auth_12340290.jpg,0,none,,,,,test
tamp_12340396_copy_move.jpg,1,copy_move,198,244,297,261,test
tamp_12341859_retype.jpg,1,retype,197,83,279,102,test
auth_12341400.jpg,0,none,,,,,test
auth_12341191.jpg,0,none,,,,,test
auth_12341831.jpg,0,none,,,,,test
tamp_12341719_copy_move.jpg,1,copy_move,198,284,358,301,test
auth_12340357.jpg,0,none,,,,,test
auth_12340417.jpg,0,none,,,,,test
auth_12340721.jpg,0,none,,,,,test
tamp_12340336_retype.jpg,1,retype,197,163,310,183,test
tamp_12340528_splice.jpg,1,splice,196,322,257,344,test
tamp_12341523_copy_move.jpg,1,copy_move,198,84,279,101,test
auth_12341851.jpg,0,none,,,,,test
auth_12340692.jpg,0,none,,,,,test
auth_12341627.jpg,0,none,,,,,test
tamp_12341487_recompress.jpg,1,recompress,190,236,278,269,test
auth_12340120.jpg,0,none,,,,,test
tamp_12340962_retype.jpg,1,retype,197,83,264,102,test
auth_12340726.jpg,0,none,,,,,test
tamp_12341932_recompress.jpg,1,recompress,190,76,265,109,test
auth_12340280.jpg,0,none,,,,,test
tamp_12341046_retype.jpg,1,retype,197,123,260,142,test
tamp_12340496_recompress.jpg,1,recompress,190,316,263,350,test
tamp_12341665_recompress.jpg,1,recompress,190,116,252,149,test
auth_12340113.jpg,0,none,,,,,test
tamp_12340833_retype.jpg,1,retype,197,123,265,142,test
auth_12341345.jpg,0,none,,,,,test
auth_12340492.jpg,0,none,,,,,test
auth_12341456.jpg,0,none,,,,,test
tamp_12340285_retype.jpg,1,retype,197,243,304,262,test
tamp_12341257_retype.jpg,1,retype,197,203,220,222,test
auth_12341938.jpg,0,none,,,,,test
auth_12341714.jpg,0,none,,,,,test
tamp_12341085_retype.jpg,1,retype,197,283,359,302,test
tamp_12341259_splice.jpg,1,splice,195,242,297,266,test
auth_12341830.jpg,0,none,,,,,test
tamp_12340284_splice.jpg,1,splice,196,122,267,143,test
auth_12340067.jpg,0,none,,,,,test
auth_12340547.jpg,0,none,,,,,test
tamp_12341305_copy_move.jpg,1,copy_move,198,324,255,342,test
auth_12341625.jpg,0,none,,,,,test
auth_12341342.jpg,0,none,,,,,test
auth_12341067.jpg,0,none,,,,,test
tamp_12341755_copy_move.jpg,1,copy_move,198,284,358,301,test
tamp_12340220_retype.jpg,1,retype,197,243,280,262,test
auth_12340146.jpg,0,none,,,,,test
tamp_12341640_retype.jpg,1,retype,196,123,248,142,test
tamp_12341212_recompress.jpg,1,recompress,190,236,278,269,test
tamp_12341429_retype.jpg,1,retype,197,163,310,183,test
tamp_12341886_retype.jpg,1,retype,197,83,280,102,test
tamp_12340948_retype.jpg,1,retype,197,203,214,222,test
tamp_12340347_recompress.jpg,1,recompress,190,236,298,269,test
auth_12340268.jpg,0,none,,,,,test
auth_12340736.jpg,0,none,,,,,test
auth_12341937.jpg,0,none,,,,,test
auth_12340909.jpg,0,none,,,,,test
auth_12340458.jpg,0,none,,,,,test
tamp_12340478_splice.jpg,1,splice,196,282,360,303,test
tamp_12340893_copy_move.jpg,1,copy_move,198,204,219,221,test
tamp_12340610_copy_move.jpg,1,copy_move,198,204,219,221,test
auth_12340604.jpg,0,none,,,,,test
auth_12341285.jpg,0,none,,,,,test
auth_12341829.jpg,0,none,,,,,test
auth_12340942.jpg,0,none,,,,,test
auth_12341429.jpg,0,none,,,,,test
tamp_12340540_splice.jpg,1,splice,196,82,281,103,test
auth_12341315.jpg,0,none,,,,,test
tamp_12341486_retype.jpg,1,retype,197,283,359,302,test
auth_12341788.jpg,0,none,,,,,test
auth_12341497.jpg,0,none,,,,,test
tamp_12340352_splice.jpg,1,splice,196,322,257,344,test
auth_12340101.jpg,0,none,,,,,test
tamp_12341119_recompress.jpg,1,recompress,190,76,262,109,test
auth_12341422.jpg,0,none,,,,,test
tamp_12340051_recompress.jpg,1,recompress,190,116,252,149,test
auth_12340406.jpg,0,none,,,,,test
tamp_12341566_retype.jpg,1,retype,197,203,220,222,test
auth_12341057.jpg,0,none,,,,,test
auth_12340681.jpg,0,none,,,,,test
tamp_12341908_recompress.jpg,1,recompress,190,236,287,269,test
tamp_12340428_splice.jpg,1,splice,196,202,215,223,test
tamp_12341753_splice.jpg,1,splice,196,122,263,143,test
auth_12340621.jpg,0,none,,,,,test
auth_12341239.jpg,0,none,,,,,test
auth_12340287.jpg,0,none,,,,,test
tamp_12340286_copy_move.jpg,1,copy_move,198,84,257,101,test
tamp_12340883_splice.jpg,1,splice,196,162,311,184,test
auth_12340720.jpg,0,none,,,,,test
tamp_12340508_splice.jpg,1,splice,196,242,306,263,test
auth_12341576.jpg,0,none,,,,,test
auth_12340509.jpg,0,none,,,,,test
tamp_12341137_retype.jpg,1,retype,197,83,286,102,test
auth_12341462.jpg,0,none,,,,,test
auth_12340591.jpg,0,none,,,,,test
tamp_12341287_retype.jpg,1,retype,197,243,291,262,test
auth_12341381.jpg,0,none,,,,,test
auth_12341047.jpg,0,none,,,,,test
auth_12340341.jpg,0,none,,,,,test
tamp_12340394_copy_move.jpg,1,copy_move,198,84,257,101,test
tamp_12341317_recompress.jpg,1,recompress,190,116,258,149,test
tamp_12341870_recompress.jpg,1,recompress,190,276,366,309,test
tamp_12341703_retype.jpg,1,retype,197,323,256,343,test
auth_12340970.jpg,0,none,,,,,test
tamp_12341563_splice.jpg,1,splice,196,162,311,184,test
auth_12341108.jpg,0,none,,,,,test
auth_12340055.jpg,0,none,,,,,test
auth_12340822.jpg,0,none,,,,,test
auth_12340971.jpg,0,none,,,,,test
auth_12340390.jpg,0,none,,,,,test
tamp_12340887_splice.jpg,1,splice,196,202,215,223,test
tamp_12340602_splice.jpg,1,splice,196,82,276,103,test
auth_12341293.jpg,0,none,,,,,test
auth_12341362.jpg,0,none,,,,,test
tamp_12341180_retype.jpg,1,retype,197,203,214,222,test
tamp_12341915_copy_move.jpg,1,copy_move,198,284,358,301,test
auth_12340288.jpg,0,none,,,,,test
tamp_12341207_copy_move.jpg,1,copy_move,198,324,255,342,test
auth_12340272.jpg,0,none,,,,,test
tamp_12340684_retype.jpg,1,retype,197,83,258,102,test
auth_12340050.jpg,0,none,,,,,test
tamp_12341957_retype.jpg,1,retype,197,323,256,343,test
auth_12340522.jpg,0,none,,,,,test
tamp_12341443_copy_move.jpg,1,copy_move,198,284,358,301,test
auth_12341826.jpg,0,none,,,,,test
auth_12340508.jpg,0,none,,,,,test
tamp_12340301_splice.jpg,1,splice,196,82,265,103,test
tamp_12341201_retype.jpg,1,retype,196,243,296,265,test
auth_12340438.jpg,0,none,,,,,test
tamp_12341534_copy_move.jpg,1,copy_move,198,204,213,221,test
tamp_12341417_recompress.jpg,1,recompress,190,76,280,109,test
tamp_12341573_splice.jpg,1,splice,196,242,272,263,test
auth_12341415.jpg,0,none,,,,,test
auth_12340715.jpg,0,none,,,,,test
auth_12341193.jpg,0,none,,,,,test
tamp_12341913_retype.jpg,1,retype,197,123,260,142,test
tamp_12341650_splice.jpg,1,splice,196,242,326,263,test
tamp_12341018_retype.jpg,1,retype,197,203,220,222,test
auth_12341363.jpg,0,none,,,,,test
auth_12341796.jpg,0,none,,,,,test
tamp_12340351_copy_move.jpg,1,copy_move,198,164,309,182,test
auth_12341608.jpg,0,none,,,,,test
auth_12341943.jpg,0,none,,,,,test
auth_12341118.jpg,0,none,,,,,test
tamp_12340050_copy_move.jpg,1,copy_move,198,204,219,221,test
tamp_12340385_recompress.jpg,1,recompress,189,236,303,272,test
tamp_12340434_splice.jpg,1,splice,196,282,360,303,test
auth_12340216.jpg,0,none,,,,,test
auth_12340030.jpg,0,none,,,,,test
auth_12340174.jpg,0,none,,,,,test
auth_12340675.jpg,0,none,,,,,test
tamp_12341096_copy_move.jpg,1,copy_move,198,164,309,182,test
tamp_12341129_retype.jpg,1,retype,197,83,258,102,test
tamp_12340259_recompress.jpg,1,recompress,190,76,293,109,test
tamp_12341602_copy_move.jpg,1,copy_move,197,124,251,144,test
tamp_12341245_retype.jpg,1,retype,196,123,248,142,test
tamp_12340649_copy_move.jpg,1,copy_move,198,204,219,221,test
auth_12340379.jpg,0,none,,,,,test
tamp_12341378_recompress.jpg,1,recompress,190,76,262,109,test
auth_12340039.jpg,0,none,,,,,test
auth_12341499.jpg,0,none,,,,,test
tamp_12340276_splice.jpg,1,splice,196,82,259,103,test
auth_12341474.jpg,0,none,,,,,test
tamp_12341005_copy_move.jpg,1,copy_move,198,284,358,301,test
auth_12341775.jpg,0,none,,,,,test
auth_12340897.jpg,0,none,,,,,test
tamp_12340269_retype.jpg,1,retype,197,283,359,302,test
auth_12340623.jpg,0,none,,,,,test
tamp_12340456_splice.jpg,1,splice,196,282,360,303,test
auth_12340479.jpg,0,none,,,,,test
auth_12340149.jpg,0,none,,,,,test
auth_12341128.jpg,0,none,,,,,test
tamp_12341567_recompress.jpg,1,recompress,190,196,221,229,test
tamp_12340699_copy_move.jpg,1,copy_move,197,124,251,144,test
auth_12340694.jpg,0,none,,,,,test
auth_12341687.jpg,0,none,,,,,test
tamp_12341196_copy_move.jpg,1,copy_move,198,164,309,182,test
auth_12340668.jpg,0,none,,,,,test
auth_12341216.jpg,0,none,,,,,test
tamp_12340790_retype.jpg,1,retype,197,83,275,102,test
tamp_12341992_splice.jpg,1,splice,196,202,215,223,test
auth_12341860.jpg,0,none,,,,,test
auth_12340912.jpg,0,none,,,,,test
auth_12340203.jpg,0,none,,,,,test
tamp_12341334_recompress.jpg,1,recompress,190,156,317,190,test
tamp_12340112_retype.jpg,1,retype,197,123,260,142,test
tamp_12340615_splice.jpg,1,splice,196,202,215,223,test
tamp_12341188_retype.jpg,1,retype,197,323,256,343,test
auth_12341551.jpg,0,none,,,,,test
tamp_12340657_copy_move.jpg,1,copy_move,198,324,255,342,test
tamp_12341613_copy_move.jpg,1,copy_move,198,284,358,301,test
tamp_12341253_copy_move.jpg,1,copy_move,198,204,213,221,test
tamp_12341154_copy_move.jpg,1,copy_move,198,124,272,141,test
tamp_12341740_recompress.jpg,1,recompress,190,116,252,149,test
auth_12340594.jpg,0,none,,,,,test
auth_12340285.jpg,0,none,,,,,test
auth_12341117.jpg,0,none,,,,,test
tamp_12341815_splice.jpg,1,splice,196,282,360,303,test
auth_12340059.jpg,0,none,,,,,test
tamp_12341045_copy_move.jpg,1,copy_move,198,244,304,261,test
auth_12340293.jpg,0,none,,,,,test
auth_12340056.jpg,0,none,,,,,test
tamp_12341421_retype.jpg,1,retype,197,83,281,102,test
tamp_12341176_recompress.jpg,1,recompress,190,76,286,109,test
tamp_12341657_copy_move.jpg,1,copy_move,198,204,213,221,test
auth_12340036.jpg,0,none,,,,,test
auth_12341976.jpg,0,none,,,,,test
auth_12341514.jpg,0,none,,,,,test
tamp_12340689_copy_move.jpg,1,copy_move,198,244,324,261,test
tamp_12341037_retype.jpg,1,retype,197,83,260,102,test
tamp_12341308_retype.jpg,1,retype,197,83,264,102,test
auth_12341085.jpg,0,none,,,,,test
tamp_12340010_splice.jpg,1,splice,196,82,282,103,test
auth_12340791.jpg,0,none,,,,,test
tamp_12340208_copy_move.jpg,1,copy_move,198,244,285,261,test
auth_12341255.jpg,0,none,,,,,test
tamp_12340614_recompress.jpg,1,recompress,190,116,258,149,test
tamp_12340298_copy_move.jpg,1,copy_move,198,324,255,342,test
auth_12340943.jpg,0,none,,,,,test
tamp_12340886_copy_move.jpg,1,copy_move,198,284,358,301,test
tamp_12341470_copy_move.jpg,1,copy_move,198,284,358,301,test
tamp_12341861_recompress.jpg,1,recompress,190,316,263,350,test
tamp_12341231_retype.jpg,1,retype,197,203,220,222,test
tamp_12341738_splice.jpg,1,splice,196,322,257,344,test
tamp_12341032_splice.jpg,1,splice,196,242,299,263,test
auth_12341281.jpg,0,none,,,,,test
auth_12340179.jpg,0,none,,,,,test
auth_12341878.jpg,0,none,,,,,test
auth_12341072.jpg,0,none,,,,,test
auth_12340307.jpg,0,none,,,,,test
auth_12341832.jpg,0,none,,,,,test
tamp_12341661_copy_move.jpg,1,copy_move,198,164,309,182,test
tamp_12341189_copy_move.jpg,1,copy_move,198,324,255,342,test
auth_12341376.jpg,0,none,,,,,test
tamp_12340192_splice.jpg,1,splice,196,242,305,263,test
auth_12341090.jpg,0,none,,,,,test
auth_12340319.jpg,0,none,,,,,test
tamp_12341285_recompress.jpg,1,recompress,190,156,317,190,test
auth_12340042.jpg,0,none,,,,,test
auth_12341522.jpg,0,none,,,,,test
tamp_12341364_splice.jpg,1,splice,196,202,221,223,test
auth_12341120.jpg,0,none,,,,,test
auth_12341653.jpg,0,none,,,,,test
tamp_12340582_splice.jpg,1,splice,196,202,215,223,test
auth_12341199.jpg,0,none,,,,,test
tamp_12341849_retype.jpg,1,retype,197,323,256,343,test
tamp_12341232_retype.jpg,1,retype,197,163,310,183,test
tamp_12340146_retype.jpg,1,retype,197,323,256,343,test
auth_12340420.jpg,0,none,,,,,test
tamp_12341847_copy_move.jpg,1,copy_move,198,284,358,301,test
tamp_12340419_recompress.jpg,1,recompress,189,236,303,272,test
tamp_12340529_recompress.jpg,1,recompress,190,236,278,269,test
tamp_12341594_recompress.jpg,1,recompress,190,276,366,309,test
auth_12340407.jpg,0,none,,,,,test
tamp_12341770_retype.jpg,1,retype,197,83,279,102,test
tamp_12341558_copy_move.jpg,1,copy_move,198,84,254,101,test
auth_12340682.jpg,0,none,,,,,test
tamp_12340846_copy_move.jpg,1,copy_move,198,164,309,182,test
tamp_12341491_copy_move.jpg,1,copy_move,198,164,309,182,test
tamp_12340769_recompress.jpg,1,recompress,190,276,366,309,test
auth_12340171.jpg,0,none,,,,,test
tamp_12341261_recompress.jpg,1,recompress,190,236,305,269,test
auth_12340441.jpg,0,none,,,,,test
auth_12341898.jpg,0,none,,,,,test
auth_12341141.jpg,0,none,,,,,test
auth_12341592.jpg,0,none,,,,,test
auth_12340724.jpg,0,none,,,,,test
tamp_12341073_splice.jpg,1,splice,196,122,264,143,test
tamp_12341192_copy_move.jpg,1,copy_move,198,84,259,101,test
tamp_12341003_splice.jpg,1,splice,196,82,280,103,test
auth_12341591.jpg,0,none,,,,,test
tamp_12341341_splice.jpg,1,splice,196,122,264,143,test
auth_12341235.jpg,0,none,,,,,test
tamp_12341993_splice.jpg,1,splice,196,82,287,103,test
tamp_12340518_splice.jpg,1,splice,196,122,267,143,test
tamp_12340137_copy_move.jpg,1,copy_move,198,324,255,342,test
tamp_12341804_splice.jpg,1,splice,196,242,287,263,test
tamp_12341463_recompress.jpg,1,recompress,190,236,311,269,test
auth_12340853.jpg,0,none,,,,,test
auth_12340248.jpg,0,none,,,,,test
auth_12340992.jpg,0,none,,,,,test
tamp_12341821_recompress.jpg,1,recompress,190,156,317,190,test
auth_12341629.jpg,0,none,,,,,test
auth_12341562.jpg,0,none,,,,,test
tamp_12341880_recompress.jpg,1,recompress,190,236,311,269,test
auth_12340320.jpg,0,none,,,,,test
tamp_12341706_copy_move.jpg,1,copy_move,198,244,303,261,test
auth_12340137.jpg,0,none,,,,,test
auth_12340925.jpg,0,none,,,,,test
tamp_12340999_recompress.jpg,1,recompress,190,316,263,350,test
tamp_12340471_splice.jpg,1,splice,196,162,311,184,test
tamp_12340265_splice.jpg,1,splice,196,282,360,303,test
tamp_12340189_recompress.jpg,1,recompress,189,236,303,272,test
auth_12340447.jpg,0,none,,,,,test
tamp_12340566_copy_move.jpg,1,copy_move,198,204,213,221,test
auth_12340614.jpg,0,none,,,,,test
auth_12341231.jpg,0,none,,,,,test
auth_12340437.jpg,0,none,,,,,test
auth_12340034.jpg,0,none,,,,,test
auth_12340754.jpg,0,none,,,,,test
auth_12340813.jpg,0,none,,,,,test
auth_12341988.jpg,0,none,,,,,test
tamp_12341751_retype.jpg,1,retype,197,203,220,222,test
auth_12340661.jpg,0,none,,,,,test
tamp_12341858_splice.jpg,1,splice,196,322,257,344,test
auth_12340872.jpg,0,none,,,,,test
auth_12341125.jpg,0,none,,,,,test
tamp_12341311_retype.jpg,1,retype,196,123,248,142,test
tamp_12340382_recompress.jpg,1,recompress,190,116,262,149,test
auth_12341123.jpg,0,none,,,,,test
auth_12341856.jpg,0,none,,,,,test
tamp_12341616_retype.jpg,1,retype,197,83,260,102,test
auth_12340798.jpg,0,none,,,,,test
tamp_12341778_splice.jpg,1,splice,196,82,287,103,test
auth_12341115.jpg,0,none,,,,,test
tamp_12340258_copy_move.jpg,1,copy_move,198,324,255,342,test
tamp_12340246_retype.jpg,1,retype,197,163,310,183,test
auth_12341531.jpg,0,none,,,,,test
auth_12341007.jpg,0,none,,,,,test
auth_12340468.jpg,0,none,,,,,test
auth_12341793.jpg,0,none,,,,,test
auth_12341565.jpg,0,none,,,,,test
tamp_12340849_retype.jpg,1,retype,197,163,310,183,test
tamp_12341894_recompress.jpg,1,recompress,190,236,287,269,test
auth_12341557.jpg,0,none,,,,,test
auth_12341190.jpg,0,none,,,,,test
tamp_12341954_copy_move.jpg,1,copy_move,198,324,255,342,test
tamp_12340971_retype.jpg,1,retype,197,83,275,102,test
auth_12340899.jpg,0,none,,,,,test
tamp_12341157_retype.jpg,1,retype,197,283,359,302,test
tamp_12341013_retype.jpg,1,retype,197,83,255,102,test
tamp_12341694_splice.jpg,1,splice,196,282,360,303,test
tamp_12340387_splice.jpg,1,splice,196,322,257,344,test
tamp_12341570_splice.jpg,1,splice,196,322,257,344,test
auth_12340667.jpg,0,none,,,,,test
auth_12340556.jpg,0,none,,,,,test
tamp_12341247_retype.jpg,1,retype,197,323,256,343,test
tamp_12340302_copy_move.jpg,1,copy_move,198,164,309,182,test
tamp_12341630_copy_move.jpg,1,copy_move,198,84,263,101,test
tamp_12341956_splice.jpg,1,splice,196,322,257,344,test
tamp_12340138_retype.jpg,1,retype,197,83,277,102,test
auth_12341994.jpg,0,none,,,,,test
tamp_12341835_copy_move.jpg,1,copy_move,198,204,213,221,test
tamp_12340586_recompress.jpg,1,recompress,190,276,366,309,test
tamp_12340304_recompress.jpg,1,recompress,190,316,263,350,test
tamp_12340135_copy_move.jpg,1,copy_move,198,244,303,261,test
auth_12340513.jpg,0,none,,,,,test
tamp_12340819_retype.jpg,1,retype,197,83,280,102,test
tamp_12341720_copy_move.jpg,1,copy_move,198,124,258,141,test
tamp_12340383_recompress.jpg,1,recompress,190,276,366,309,test
auth_12341688.jpg,0,none,,,,,test
auth_12340554.jpg,0,none,,,,,test
auth_12340520.jpg,0,none,,,,,test
tamp_12341614_recompress.jpg,1,recompress,190,156,317,190,test
auth_12340220.jpg,0,none,,,,,test
auth_12341487.jpg,0,none,,,,,test
auth_12341738.jpg,0,none,,,,,test
auth_12341965.jpg,0,none,,,,,test
tamp_12340896_recompress.jpg,1,recompress,190,196,221,229,test
auth_12341744.jpg,0,none,,,,,test
auth_12340267.jpg,0,none,,,,,test
tamp_12340119_splice.jpg,1,splice,196,322,257,344,test
auth_12341798.jpg,0,none,,,,,test
auth_12341884.jpg,0,none,,,,,test
auth_12340951.jpg,0,none,,,,,test
tamp_12340598_splice.jpg,1,splice,196,242,272,263,test
auth_12340466.jpg,0,none,,,,,test
auth_12341321.jpg,0,none,,,,,test
auth_12340153.jpg,0,none,,,,,test
tamp_12340782_retype.jpg,1,retype,197,243,291,262,test
auth_12341348.jpg,0,none,,,,,test
auth_12341079.jpg,0,none,,,,,test
tamp_12340797_retype.jpg,1,retype,197,203,214,222,test
auth_12341516.jpg,0,none,,,,,test
tamp_12340437_splice.jpg,1,splice,196,202,221,223,test
auth_12340106.jpg,0,none,,,,,test
auth_12340840.jpg,0,none,,,,,test
tamp_12341249_copy_move.jpg,1,copy_move,198,244,297,261,test
auth_12341134.jpg,0,none,,,,,test
auth_12341953.jpg,0,none,,,,,test
tamp_12340785_copy_move.jpg,1,copy_move,198,324,255,342,test
auth_12340040.jpg,0,none,,,,,test
auth_12341929.jpg,0,none,,,,,test
auth_12341913.jpg,0,none,,,,,test
tamp_12340250_splice.jpg,1,splice,196,202,221,223,test
auth_12341920.jpg,0,none,,,,,test
auth_12341704.jpg,0,none,,,,,test
tamp_12340206_splice.jpg,1,splice,196,242,326,263,test
tamp_12340861_copy_move.jpg,1,copy_move,198,284,358,301,test
tamp_12341081_recompress.jpg,1,recompress,190,236,298,269,test
tamp_12340190_splice.jpg,1,splice,196,162,311,184,test
tamp_12340990_splice.jpg,1,splice,196,82,276,103,test
auth_12341113.jpg,0,none,,,,,test
auth_12340165.jpg,0,none,,,,,test
tamp_12341139_splice.jpg,1,splice,196,82,259,103,test
auth_12341647.jpg,0,none,,,,,test
tamp_12340931_retype.jpg,1,retype,196,123,248,142,test
auth_12340201.jpg,0,none,,,,,test
tamp_12341868_retype.jpg,1,retype,197,83,264,102,test
